epoch,step,phase,train_loss,loss_sent,loss_prosody,loss_words,loss_phones,val_loss,mae_total,mae_accuracy,mae_fluency,mae_prosodic,mae_completeness,rmse_total,rmse_accuracy,rmse_fluency,rmse_prosodic,rmse_completeness,pearson_total,pearson_accuracy,pearson_fluency,pearson_prosodic,pearson_completeness,spearman_total,spearman_accuracy,spearman_fluency,spearman_prosodic,spearman_completeness
1,50,train,0.144634,0.029452,0.004996,0.021726,0.051987,,,,,,,,,,,,,,,,,,,,,
1,100,train,0.052775,0.020789,0.002120,0.020944,0.035462,,,,,,,,,,,,,,,,,,,,,
1,150,train,0.041176,0.023493,0.003338,0.024612,0.038556,,,,,,,,,,,,,,,,,,,,,
1,200,train,0.034071,0.011670,0.001716,0.017181,0.018503,,,,,,,,,,,,,,,,,,,,,
1,250,train,0.037240,0.013656,0.005740,0.013032,0.021681,,,,,,,,,,,,,,,,,,,,,
1,300,train,0.037848,0.011856,0.004516,0.019611,0.028375,,,,,,,,,,,,,,,,,,,,,
1,350,train,0.036085,0.007973,0.004536,0.017368,0.030986,,,,,,,,,,,,,,,,,,,,,
1,400,train,0.042114,0.017247,0.004669,0.026840,0.030498,,,,,,,,,,,,,,,,,,,,,
1,450,train,0.035912,0.006251,0.001614,0.002856,0.004407,,,,,,,,,,,,,,,,,,,,,
1,500,train,0.030603,0.008827,0.001618,0.008761,0.011486,,,,,,,,,,,,,,,,,,,,,
1,550,train,0.032907,0.005531,0.001559,0.002344,0.003845,,,,,,,,,,,,,,,,,,,,,
1,600,train,0.024857,0.003035,0.001088,0.004277,0.003634,,,,,,,,,,,,,,,,,,,,,
1,end,val,,,,,,0.024376,0.098840,0.098272,0.087957,0.089919,0.504262,0.132927,0.134394,0.116745,0.119073,0.504654,0.517044,0.487249,0.583900,0.571562,-0.000338,0.460618,0.422014,0.526516,0.506086,-0.014873
2,50,train,0.027705,0.009736,0.001120,0.021280,0.035980,,,,,,,,,,,,,,,,,,,,,
2,100,train,0.028621,0.010674,0.003175,0.019786,0.024213,,,,,,,,,,,,,,,,,,,,,
2,150,train,0.025295,0.018266,0.003325,0.027743,0.038202,,,,,,,,,,,,,,,,,,,,,
2,200,train,0.026031,0.021685,0.002344,0.028243,0.043964,,,,,,,,,,,,,,,,,,,,,
2,250,train,0.030451,0.002160,0.004358,0.001069,0.001993,,,,,,,,,,,,,,,,,,,,,
2,300,train,0.025371,0.003895,0.002294,0.014528,0.020588,,,,,,,,,,,,,,,,,,,,,
2,350,train,0.021710,0.009261,0.003122,0.023272,0.028544,,,,,,,,,,,,,,,,,,,,,
2,400,train,0.024714,0.015474,0.001601,0.018581,0.022245,,,,,,,,,,,,,,,,,,,,,
2,450,train,0.023162,0.002039,0.001123,0.015530,0.026655,,,,,,,,,,,,,,,,,,,,,
2,500,train,0.024210,0.006004,0.002149,0.000840,0.001429,,,,,,,,,,,,,,,,,,,,,
2,550,train,0.019490,0.004259,0.001135,0.027164,0.050509,,,,,,,,,,,,,,,,,,,,,
2,600,train,0.023081,0.020382,0.000904,0.019694,0.059939,,,,,,,,,,,,,,,,,,,,,
2,end,val,,,,,,0.022791,0.084851,0.092970,0.084083,0.078736,0.497422,0.124114,0.126920,0.110403,0.109689,0.497806,0.623488,0.597855,0.655528,0.650839,-0.029442,0.571996,0.525984,0.640277,0.622488,-0.015312
3,50,train,0.027593,0.005791,0.002091,0.016385,0.011683,,,,,,,,,,,,,,,,,,,,,
3,100,train,0.020890,0.005844,0.001818,0.002027,0.003407,,,,,,,,,,,,,,,,,,,,,
3,150,train,0.025997,0.011610,0.000626,0.037466,0.045202,,,,,,,,,,,,,,,,,,,,,
3,200,train,0.022511,0.004076,0.000694,0.020947,0.043315,,,,,,,,,,,,,,,,,,,,,
3,250,train,0.020922,0.004407,0.001974,0.006441,0.007044,,,,,,,,,,,,,,,,,,,,,
3,300,train,0.024298,0.017877,0.001159,0.010693,0.016500,,,,,,,,,,,,,,,,,,,,,
3,350,train,0.021484,0.001287,0.001505,0.000401,0.001564,,,,,,,,,,,,,,,,,,,,,
3,400,train,0.022110,0.003964,0.001813,0.006089,0.008009,,,,,,,,,,,,,,,,,,,,,
3,450,train,0.020773,0.003083,0.001443,0.014071,0.024692,,,,,,,,,,,,,,,,,,,,,
3,500,train,0.026633,0.000979,0.001610,0.011325,0.014869,,,,,,,,,,,,,,,,,,,,,
3,550,train,0.020262,0.002468,0.001277,0.013408,0.020059,,,,,,,,,,,,,,,,,,,,,
3,600,train,0.024824,0.005058,0.000496,0.030675,0.051981,,,,,,,,,,,,,,,,,,,,,
3,end,val,,,,,,0.023403,0.086036,0.093730,0.085632,0.082041,0.492632,0.127407,0.129473,0.115358,0.114228,0.493005,0.612537,0.598589,0.631583,0.631093,0.021528,0.563319,0.520661,0.611845,0.602861,0.018132
4,50,train,0.019757,0.004190,0.001319,0.003523,0.004826,,,,,,,,,,,,,,,,,,,,,
4,100,train,0.021815,0.004372,0.000837,0.029958,0.050722,,,,,,,,,,,,,,,,,,,,,
4,150,train,0.022438,0.001799,0.001583,0.014107,0.003641,,,,,,,,,,,,,,,,,,,,,
4,200,train,0.022481,0.004817,0.001330,0.016972,0.016355,,,,,,,,,,,,,,,,,,,,,
4,250,train,0.026714,0.005140,0.001063,0.013266,0.026879,,,,,,,,,,,,,,,,,,,,,
4,300,train,0.022100,0.002344,0.001046,0.004441,0.004903,,,,,,,,,,,,,,,,,,,,,
4,350,train,0.022284,0.004621,0.001442,0.012781,0.011686,,,,,,,,,,,,,,,,,,,,,
4,400,train,0.021539,0.002228,0.001582,0.013826,0.024932,,,,,,,,,,,,,,,,,,,,,
4,450,train,0.021657,0.005560,0.001952,0.015966,0.031382,,,,,,,,,,,,,,,,,,,,,
4,500,train,0.022836,0.004400,0.002013,0.004919,0.002755,,,,,,,,,,,,,,,,,,,,,
4,550,train,0.021511,0.002570,0.000909,0.010592,0.025039,,,,,,,,,,,,,,,,,,,,,
4,600,train,0.022069,0.019225,0.001406,0.010505,0.010111,,,,,,,,,,,,,,,,,,,,,
4,end,val,,,,,,0.024219,0.104705,0.107428,0.096614,0.096096,0.497174,0.133024,0.135319,0.123276,0.121739,0.497561,0.632081,0.609959,0.673600,0.665337,-0.006051,0.563481,0.535366,0.615993,0.612353,-0.017899
5,50,train,0.021997,0.007610,0.001315,0.018489,0.019272,,,,,,,,,,,,,,,,,,,,,
5,100,train,0.022325,0.003407,0.000850,0.008415,0.010011,,,,,,,,,,,,,,,,,,,,,
5,150,train,0.023434,0.002498,0.001236,0.003282,0.000702,,,,,,,,,,,,,,,,,,,,,
5,200,train,0.019098,0.006569,0.000446,0.015360,0.020543,,,,,,,,,,,,,,,,,,,,,
5,250,train,0.020697,0.007413,0.001004,0.025551,0.025155,,,,,,,,,,,,,,,,,,,,,
5,300,train,0.017343,0.002130,0.001424,0.018179,0.030822,,,,,,,,,,,,,,,,,,,,,
5,350,train,0.025155,0.005101,0.001134,0.035541,0.072141,,,,,,,,,,,,,,,,,,,,,
5,400,train,0.023168,0.008934,0.001671,0.011406,0.021360,,,,,,,,,,,,,,,,,,,,,
5,450,train,0.022161,0.001164,0.001142,0.007481,0.006098,,,,,,,,,,,,,,,,,,,,,
5,500,train,0.022141,0.003309,0.000830,0.014142,0.020795,,,,,,,,,,,,,,,,,,,,,
5,550,train,0.023309,0.005275,0.000365,0.008313,0.008043,,,,,,,,,,,,,,,,,,,,,
5,600,train,0.020098,0.002427,0.000522,0.022381,0.035289,,,,,,,,,,,,,,,,,,,,,
5,end,val,,,,,,0.024010,0.091743,0.091435,0.081554,0.084807,0.504748,0.131867,0.133287,0.114357,0.115769,0.505118,0.598827,0.585404,0.638312,0.635102,0.021611,0.551930,0.520702,0.594133,0.594533,0.031305
6,50,train,0.020789,0.001174,0.001896,0.000332,0.002506,,,,,,,,,,,,,,,,,,,,,
6,100,train,0.024720,0.005130,0.000748,0.020288,0.047359,,,,,,,,,,,,,,,,,,,,,
6,150,train,0.024732,0.002190,0.001114,0.020400,0.032864,,,,,,,,,,,,,,,,,,,,,
6,200,train,0.019498,0.002976,0.001038,0.019242,0.038974,,,,,,,,,,,,,,,,,,,,,
6,250,train,0.022849,0.004026,0.001358,0.000262,0.003545,,,,,,,,,,,,,,,,,,,,,
6,300,train,0.016187,0.004240,0.001092,0.014417,0.015845,,,,,,,,,,,,,,,,,,,,,
6,350,train,0.018714,0.003730,0.001645,0.011366,0.014551,,,,,,,,,,,,,,,,,,,,,
6,400,train,0.018655,0.005279,0.000979,0.012163,0.008979,,,,,,,,,,,,,,,,,,,,,
6,450,train,0.018196,0.006496,0.000679,0.000162,0.000987,,,,,,,,,,,,,,,,,,,,,
6,500,train,0.018738,0.002046,0.000679,0.012669,0.015271,,,,,,,,,,,,,,,,,,,,,
6,550,train,0.019722,0.006272,0.001741,0.012846,0.039784,,,,,,,,,,,,,,,,,,,,,
6,600,train,0.025313,0.003569,0.000632,0.009219,0.027333,,,,,,,,,,,,,,,,,,,,,
6,end,val,,,,,,0.021638,0.082741,0.085085,0.073226,0.073366,0.491445,0.114451,0.117226,0.100195,0.100137,0.491819,0.679841,0.658434,0.715718,0.715465,0.005119,0.647484,0.611788,0.692966,0.696251,-0.028828
7,50,train,0.019919,0.002249,0.000456,0.000860,0.000864,,,,,,,,,,,,,,,,,,,,,
7,100,train,0.020242,0.001872,0.000635,0.015794,0.032891,,,,,,,,,,,,,,,,,,,,,
7,150,train,0.017844,0.006604,0.000948,0.009479,0.015828,,,,,,,,,,,,,,,,,,,,,
7,200,train,0.021873,0.006111,0.000643,0.028689,0.048595,,,,,,,,,,,,,,,,,,,,,
7,250,train,0.018878,0.002779,0.000779,0.000155,0.000712,,,,,,,,,,,,,,,,,,,,,
7,300,train,0.019586,0.002340,0.000847,0.012594,0.014985,,,,,,,,,,,,,,,,,,,,,
7,350,train,0.021322,0.003083,0.000751,0.010014,0.027315,,,,,,,,,,,,,,,,,,,,,
7,400,train,0.017167,0.005552,0.000459,0.014338,0.024257,,,,,,,,,,,,,,,,,,,,,
7,450,train,0.022301,0.006814,0.000987,0.012486,0.018629,,,,,,,,,,,,,,,,,,,,,
7,500,train,0.020075,0.006127,0.001521,0.010320,0.017278,,,,,,,,,,,,,,,,,,,,,
7,550,train,0.020966,0.004859,0.000835,0.000279,0.002009,,,,,,,,,,,,,,,,,,,,,
7,600,train,0.019700,0.002309,0.001718,0.000104,0.001891,,,,,,,,,,,,,,,,,,,,,
7,end,val,,,,,,0.021403,0.082702,0.082862,0.072925,0.072931,0.494876,0.113509,0.115870,0.099603,0.099258,0.495252,0.683739,0.662875,0.726368,0.725357,0.035002,0.652533,0.616639,0.706157,0.705027,0.011854
8,50,train,0.020847,0.002876,0.000943,0.018218,0.018301,,,,,,,,,,,,,,,,,,,,,
8,100,train,0.019656,0.001345,0.000807,0.007606,0.012441,,,,,,,,,,,,,,,,,,,,,
8,150,train,0.019309,0.006516,0.002449,0.028967,0.053197,,,,,,,,,,,,,,,,,,,,,
8,200,train,0.020599,0.001636,0.000731,0.000187,0.001427,,,,,,,,,,,,,,,,,,,,,
8,250,train,0.019447,0.002100,0.001737,0.019204,0.046670,,,,,,,,,,,,,,,,,,,,,
8,300,train,0.019376,0.002224,0.000997,0.034823,0.064368,,,,,,,,,,,,,,,,,,,,,
8,350,train,0.018054,0.001977,0.000425,0.000071,0.000882,,,,,,,,,,,,,,,,,,,,,
8,400,train,0.023574,0.004181,0.000826,0.019126,0.010393,,,,,,,,,,,,,,,,,,,,,
8,450,train,0.017632,0.003827,0.003962,0.022799,0.033151,,,,,,,,,,,,,,,,,,,,,
8,500,train,0.017468,0.002145,0.001423,0.005058,0.003549,,,,,,,,,,,,,,,,,,,,,
8,550,train,0.016009,0.005666,0.001033,0.007403,0.005409,,,,,,,,,,,,,,,,,,,,,
8,600,train,0.017294,0.003950,0.000360,0.002246,0.004795,,,,,,,,,,,,,,,,,,,,,
8,end,val,,,,,,0.021405,0.081803,0.084660,0.068763,0.070626,0.497587,0.115884,0.120228,0.096068,0.098929,0.497968,0.689845,0.662826,0.746855,0.737744,-0.014167,0.661749,0.626818,0.724888,0.715629,-0.042553
9,50,train,0.017237,0.000917,0.001536,0.002223,0.004612,,,,,,,,,,,,,,,,,,,,,
9,100,train,0.017361,0.001284,0.000711,0.008320,0.004330,,,,,,,,,,,,,,,,,,,,,
9,150,train,0.019454,0.003345,0.000563,0.005828,0.011727,,,,,,,,,,,,,,,,,,,,,
9,200,train,0.020499,0.007967,0.000987,0.000666,0.001948,,,,,,,,,,,,,,,,,,,,,
9,250,train,0.019210,0.004149,0.000703,0.017883,0.025217,,,,,,,,,,,,,,,,,,,,,
9,300,train,0.019683,0.004180,0.001343,0.012271,0.027337,,,,,,,,,,,,,,,,,,,,,
9,350,train,0.017317,0.004408,0.001001,0.000290,0.001015,,,,,,,,,,,,,,,,,,,,,
9,400,train,0.018744,0.001824,0.000763,0.000137,0.001014,,,,,,,,,,,,,,,,,,,,,
9,450,train,0.019230,0.001898,0.000903,0.000052,0.000902,,,,,,,,,,,,,,,,,,,,,
9,500,train,0.019311,0.001865,0.000978,0.000061,0.004448,,,,,,,,,,,,,,,,,,,,,
9,550,train,0.018595,0.005068,0.001450,0.021054,0.031394,,,,,,,,,,,,,,,,,,,,,
9,600,train,0.016862,0.002604,0.000690,0.000725,0.002222,,,,,,,,,,,,,,,,,,,,,
9,end,val,,,,,,0.021351,0.080386,0.081219,0.070794,0.072453,0.490511,0.115359,0.117658,0.098797,0.099697,0.490885,0.685385,0.663925,0.728605,0.724906,-0.030711,0.648219,0.613409,0.699779,0.699371,-0.057365
10,50,train,0.017250,0.001970,0.000804,0.000073,0.002423,,,,,,,,,,,,,,,,,,,,,
10,100,train,0.017314,0.002788,0.001119,0.003945,0.003042,,,,,,,,,,,,,,,,,,,,,
10,150,train,0.015662,0.004268,0.001557,0.004038,0.003674,,,,,,,,,,,,,,,,,,,,,
10,200,train,0.020962,0.001665,0.001169,0.003019,0.003090,,,,,,,,,,,,,,,,,,,,,
10,250,train,0.020341,0.002655,0.001793,0.006871,0.008541,,,,,,,,,,,,,,,,,,,,,
10,300,train,0.018081,0.007858,0.001374,0.012064,0.026222,,,,,,,,,,,,,,,,,,,,,
10,350,train,0.021154,0.003403,0.000496,0.039723,0.053678,,,,,,,,,,,,,,,,,,,,,
10,400,train,0.015685,0.002804,0.000627,0.008630,0.011845,,,,,,,,,,,,,,,,,,,,,
10,450,train,0.016748,0.004073,0.000720,0.026435,0.042689,,,,,,,,,,,,,,,,,,,,,
10,500,train,0.016480,0.003254,0.001091,0.008905,0.015210,,,,,,,,,,,,,,,,,,,,,
10,550,train,0.019284,0.002145,0.001796,0.028087,0.047367,,,,,,,,,,,,,,,,,,,,,
10,600,train,0.020184,0.001499,0.000594,0.009692,0.009508,,,,,,,,,,,,,,,,,,,,,
10,end,val,,,,,,0.021584,0.080603,0.081710,0.069812,0.072273,0.490004,0.117385,0.119730,0.099188,0.101058,0.490377,0.672724,0.653281,0.731768,0.728225,0.000503,0.656503,0.627821,0.718110,0.713128,-0.008074
11,50,train,0.019217,0.004464,0.001073,0.002721,0.005978,,,,,,,,,,,,,,,,,,,,,
11,100,train,0.015706,0.001349,0.000363,0.000293,0.000729,,,,,,,,,,,,,,,,,,,,,
11,150,train,0.016596,0.003699,0.001288,0.007968,0.005952,,,,,,,,,,,,,,,,,,,,,
11,200,train,0.015361,0.002920,0.000455,0.008155,0.017205,,,,,,,,,,,,,,,,,,,,,
11,250,train,0.017395,0.004679,0.000999,0.020373,0.024765,,,,,,,,,,,,,,,,,,,,,
11,300,train,0.018049,0.003008,0.001343,0.021699,0.049607,,,,,,,,,,,,,,,,,,,,,
11,350,train,0.015315,0.004277,0.002145,0.000801,0.003106,,,,,,,,,,,,,,,,,,,,,
11,400,train,0.017881,0.001322,0.000459,0.001103,0.002795,,,,,,,,,,,,,,,,,,,,,
11,450,train,0.018433,0.002503,0.000555,0.008452,0.013463,,,,,,,,,,,,,,,,,,,,,
11,500,train,0.017109,0.002487,0.000916,0.013406,0.026808,,,,,,,,,,,,,,,,,,,,,
11,550,train,0.018924,0.000742,0.000516,0.019040,0.026353,,,,,,,,,,,,,,,,,,,,,
11,600,train,0.016876,0.001560,0.000766,0.016290,0.051881,,,,,,,,,,,,,,,,,,,,,
11,end,val,,,,,,0.021230,0.083380,0.082540,0.074571,0.076347,0.490455,0.112459,0.115053,0.099993,0.100500,0.490833,0.692548,0.668097,0.727468,0.729880,-0.018911,0.656734,0.619119,0.699227,0.707241,-0.044618
12,50,train,0.017252,0.006156,0.000574,0.005357,0.012361,,,,,,,,,,,,,,,,,,,,,
12,100,train,0.016520,0.001819,0.000700,0.003570,0.003696,,,,,,,,,,,,,,,,,,,,,
12,150,train,0.020464,0.006159,0.001091,0.004021,0.005103,,,,,,,,,,,,,,,,,,,,,
12,200,train,0.015084,0.000932,0.000649,0.011505,0.007848,,,,,,,,,,,,,,,,,,,,,
12,250,train,0.016090,0.001090,0.001771,0.003370,0.003793,,,,,,,,,,,,,,,,,,,,,
12,300,train,0.016234,0.000804,0.000784,0.000145,0.002024,,,,,,,,,,,,,,,,,,,,,
12,350,train,0.016802,0.004122,0.000852,0.025973,0.054368,,,,,,,,,,,,,,,,,,,,,
12,400,train,0.015839,0.001024,0.000356,0.008204,0.039915,,,,,,,,,,,,,,,,,,,,,
12,450,train,0.015170,0.005154,0.001253,0.021605,0.027946,,,,,,,,,,,,,,,,,,,,,
12,500,train,0.018788,0.002638,0.000395,0.008344,0.007518,,,,,,,,,,,,,,,,,,,,,
12,550,train,0.018765,0.002182,0.000727,0.004711,0.005994,,,,,,,,,,,,,,,,,,,,,
12,600,train,0.017174,0.002364,0.000387,0.006239,0.007972,,,,,,,,,,,,,,,,,,,,,
12,end,val,,,,,,0.021321,0.080105,0.080974,0.070905,0.071001,0.492593,0.114424,0.116720,0.098045,0.099239,0.492965,0.680270,0.661718,0.725924,0.724166,0.013625,0.647947,0.615746,0.702348,0.701937,-0.004781
13,50,train,0.017396,0.002816,0.001238,0.008034,0.005588,,,,,,,,,,,,,,,,,,,,,
13,100,train,0.013164,0.001011,0.001293,0.017777,0.016279,,,,,,,,,,,,,,,,,,,,,
13,150,train,0.014856,0.004021,0.001505,0.005340,0.010643,,,,,,,,,,,,,,,,,,,,,
13,200,train,0.015492,0.002948,0.000785,0.000147,0.002268,,,,,,,,,,,,,,,,,,,,,
13,250,train,0.019088,0.004181,0.001153,0.013420,0.032052,,,,,,,,,,,,,,,,,,,,,
13,300,train,0.015319,0.001276,0.001374,0.005261,0.011034,,,,,,,,,,,,,,,,,,,,,
13,350,train,0.013123,0.001129,0.000238,0.000077,0.002044,,,,,,,,,,,,,,,,,,,,,
13,400,train,0.018217,0.001251,0.000721,0.010310,0.014154,,,,,,,,,,,,,,,,,,,,,
13,450,train,0.015594,0.002374,0.000349,0.000571,0.001838,,,,,,,,,,,,,,,,,,,,,
13,500,train,0.020152,0.004484,0.002058,0.007866,0.021947,,,,,,,,,,,,,,,,,,,,,
13,550,train,0.015366,0.002978,0.000618,0.002685,0.002918,,,,,,,,,,,,,,,,,,,,,
13,600,train,0.016541,0.002521,0.000572,0.004781,0.007701,,,,,,,,,,,,,,,,,,,,,
13,end,val,,,,,,0.021180,0.081180,0.081651,0.067969,0.070591,0.486247,0.113139,0.115867,0.094260,0.096374,0.486620,0.690121,0.668538,0.753906,0.742993,-0.005657,0.662191,0.629173,0.737431,0.726494,-0.013522
14,50,train,0.015569,0.001133,0.000292,0.008583,0.010402,,,,,,,,,,,,,,,,,,,,,
14,100,train,0.013798,0.003930,0.000704,0.008803,0.017905,,,,,,,,,,,,,,,,,,,,,
14,150,train,0.016027,0.002653,0.000478,0.011733,0.019939,,,,,,,,,,,,,,,,,,,,,
14,200,train,0.014358,0.003069,0.000692,0.012828,0.011550,,,,,,,,,,,,,,,,,,,,,
14,250,train,0.015001,0.001184,0.000261,0.000045,0.001685,,,,,,,,,,,,,,,,,,,,,
14,300,train,0.013062,0.000793,0.000425,0.003640,0.003471,,,,,,,,,,,,,,,,,,,,,
14,350,train,0.012976,0.001990,0.000561,0.007754,0.028918,,,,,,,,,,,,,,,,,,,,,
14,400,train,0.015383,0.011235,0.000636,0.014626,0.028884,,,,,,,,,,,,,,,,,,,,,
14,450,train,0.015360,0.002811,0.000846,0.008838,0.023551,,,,,,,,,,,,,,,,,,,,,
14,500,train,0.016348,0.001836,0.000233,0.012440,0.015624,,,,,,,,,,,,,,,,,,,,,
14,550,train,0.015576,0.003686,0.000361,0.014046,0.017985,,,,,,,,,,,,,,,,,,,,,
14,600,train,0.017578,0.001366,0.000629,0.000069,0.000340,,,,,,,,,,,,,,,,,,,,,
14,end,val,,,,,,0.021026,0.078814,0.081355,0.069379,0.069717,0.484212,0.111319,0.113857,0.097119,0.097864,0.484589,0.696323,0.674413,0.741132,0.740269,-0.018013,0.676028,0.633259,0.736869,0.737170,-0.021168
15,50,train,0.016729,0.002280,0.000980,0.011256,0.031275,,,,,,,,,,,,,,,,,,,,,
15,100,train,0.017097,0.003763,0.000687,0.010291,0.011150,,,,,,,,,,,,,,,,,,,,,
15,150,train,0.014253,0.003636,0.000833,0.028729,0.036717,,,,,,,,,,,,,,,,,,,,,
15,200,train,0.014649,0.004455,0.001423,0.003555,0.010123,,,,,,,,,,,,,,,,,,,,,
15,250,train,0.014031,0.004140,0.000761,0.000102,0.001349,,,,,,,,,,,,,,,,,,,,,
15,300,train,0.012614,0.002550,0.001170,0.014018,0.024145,,,,,,,,,,,,,,,,,,,,,
15,350,train,0.015430,0.002829,0.000741,0.010033,0.018002,,,,,,,,,,,,,,,,,,,,,
15,400,train,0.014132,0.002129,0.001111,0.005647,0.003120,,,,,,,,,,,,,,,,,,,,,
15,450,train,0.014978,0.001128,0.000508,0.002253,0.006546,,,,,,,,,,,,,,,,,,,,,
15,500,train,0.015883,0.001556,0.000418,0.000388,0.001216,,,,,,,,,,,,,,,,,,,,,
15,550,train,0.015034,0.001061,0.000363,0.006575,0.005169,,,,,,,,,,,,,,,,,,,,,
15,600,train,0.014014,0.005165,0.000517,0.000058,0.000721,,,,,,,,,,,,,,,,,,,,,
15,end,val,,,,,,0.021428,0.078564,0.080597,0.068913,0.068625,0.485576,0.114638,0.116409,0.097281,0.097529,0.485950,0.690916,0.667664,0.745249,0.743770,0.011205,0.668079,0.623483,0.729094,0.732287,0.018900
16,50,train,0.012683,0.002246,0.001030,0.006713,0.008746,,,,,,,,,,,,,,,,,,,,,
16,100,train,0.013343,0.003478,0.000540,0.031117,0.030826,,,,,,,,,,,,,,,,,,,,,
16,150,train,0.013316,0.001784,0.000263,0.009419,0.034074,,,,,,,,,,,,,,,,,,,,,
16,200,train,0.012592,0.000480,0.000948,0.007441,0.015145,,,,,,,,,,,,,,,,,,,,,
16,250,train,0.014306,0.001892,0.001262,0.006432,0.013420,,,,,,,,,,,,,,,,,,,,,
16,300,train,0.013881,0.003071,0.000502,0.006287,0.015086,,,,,,,,,,,,,,,,,,,,,
16,350,train,0.014439,0.002473,0.000924,0.017202,0.021659,,,,,,,,,,,,,,,,,,,,,
16,400,train,0.013495,0.004178,0.000466,0.014415,0.017330,,,,,,,,,,,,,,,,,,,,,
16,450,train,0.011909,0.001573,0.000338,0.012765,0.026708,,,,,,,,,,,,,,,,,,,,,
16,500,train,0.017443,0.003978,0.000310,0.012321,0.028396,,,,,,,,,,,,,,,,,,,,,
16,550,train,0.014596,0.002580,0.000660,0.016889,0.039389,,,,,,,,,,,,,,,,,,,,,
16,600,train,0.014637,0.002501,0.000741,0.003328,0.005321,,,,,,,,,,,,,,,,,,,,,
16,end,val,,,,,,0.021658,0.078787,0.081138,0.067691,0.068869,0.485046,0.115713,0.117975,0.096548,0.098695,0.485413,0.682141,0.660849,0.749731,0.747591,0.004088,0.665499,0.627062,0.739614,0.736916,0.027392
17,50,train,0.014227,0.000763,0.000519,0.009808,0.022834,,,,,,,,,,,,,,,,,,,,,
17,100,train,0.013571,0.001048,0.000736,0.000771,0.002911,,,,,,,,,,,,,,,,,,,,,
17,150,train,0.013964,0.001826,0.001037,0.000037,0.000688,,,,,,,,,,,,,,,,,,,,,
17,200,train,0.011601,0.001908,0.001516,0.000783,0.002866,,,,,,,,,,,,,,,,,,,,,
17,250,train,0.010436,0.002612,0.001012,0.004452,0.004505,,,,,,,,,,,,,,,,,,,,,
17,300,train,0.013204,0.001449,0.000627,0.000748,0.002047,,,,,,,,,,,,,,,,,,,,,
17,350,train,0.012327,0.001208,0.000989,0.000043,0.000869,,,,,,,,,,,,,,,,,,,,,
17,400,train,0.013925,0.005515,0.000297,0.004668,0.016883,,,,,,,,,,,,,,,,,,,,,
17,450,train,0.013224,0.000623,0.000674,0.007244,0.004664,,,,,,,,,,,,,,,,,,,,,
17,500,train,0.014204,0.002061,0.001148,0.008934,0.027266,,,,,,,,,,,,,,,,,,,,,
17,550,train,0.011675,0.001775,0.000664,0.000438,0.002979,,,,,,,,,,,,,,,,,,,,,
17,600,train,0.015631,0.002405,0.001196,0.009086,0.026957,,,,,,,,,,,,,,,,,,,,,
17,end,val,,,,,,0.022154,0.080094,0.083167,0.069392,0.070830,0.483033,0.118893,0.120950,0.098639,0.101226,0.483410,0.669781,0.647518,0.732701,0.735109,-0.024373,0.654379,0.610152,0.719866,0.720995,0.011612
18,50,train,0.015020,0.001128,0.001888,0.001900,0.005797,,,,,,,,,,,,,,,,,,,,,
18,100,train,0.012532,0.000804,0.000714,0.003264,0.017576,,,,,,,,,,,,,,,,,,,,,
18,150,train,0.012898,0.001574,0.000746,0.008569,0.015817,,,,,,,,,,,,,,,,,,,,,
18,200,train,0.011383,0.001278,0.000501,0.000107,0.000573,,,,,,,,,,,,,,,,,,,,,
18,250,train,0.010922,0.001502,0.000707,0.000733,0.002385,,,,,,,,,,,,,,,,,,,,,
18,300,train,0.011305,0.003225,0.000456,0.002567,0.002382,,,,,,,,,,,,,,,,,,,,,
18,350,train,0.012329,0.000622,0.000260,0.004229,0.010442,,,,,,,,,,,,,,,,,,,,,
18,400,train,0.013318,0.001768,0.000964,0.011368,0.018892,,,,,,,,,,,,,,,,,,,,,
18,450,train,0.010942,0.001832,0.000697,0.000401,0.001105,,,,,,,,,,,,,,,,,,,,,
18,500,train,0.013656,0.001836,0.000667,0.000696,0.002294,,,,,,,,,,,,,,,,,,,,,
18,550,train,0.012417,0.000839,0.000400,0.000927,0.002941,,,,,,,,,,,,,,,,,,,,,
18,600,train,0.011745,0.003079,0.000434,0.005518,0.006656,,,,,,,,,,,,,,,,,,,,,
18,end,val,,,,,,0.021895,0.079771,0.082227,0.067688,0.068433,0.485345,0.112687,0.116280,0.094587,0.095845,0.485714,0.688759,0.662002,0.749370,0.746913,0.011091,0.666579,0.618908,0.737868,0.735586,0.042356
19,50,train,0.013894,0.001662,0.000629,0.015494,0.018617,,,,,,,,,,,,,,,,,,,,,
19,100,train,0.011263,0.001530,0.001225,0.009646,0.021650,,,,,,,,,,,,,,,,,,,,,
19,150,train,0.010930,0.003566,0.000270,0.001446,0.008211,,,,,,,,,,,,,,,,,,,,,
19,200,train,0.011002,0.003040,0.000972,0.008343,0.024489,,,,,,,,,,,,,,,,,,,,,
19,250,train,0.011442,0.002061,0.000336,0.004118,0.017341,,,,,,,,,,,,,,,,,,,,,
19,300,train,0.012969,0.002585,0.001593,0.008918,0.006534,,,,,,,,,,,,,,,,,,,,,
19,350,train,0.010940,0.003979,0.000961,0.002353,0.008816,,,,,,,,,,,,,,,,,,,,,
19,400,train,0.011258,0.000986,0.000525,0.001914,0.002246,,,,,,,,,,,,,,,,,,,,,
19,450,train,0.012032,0.000918,0.000649,0.008949,0.013703,,,,,,,,,,,,,,,,,,,,,
19,500,train,0.012226,0.003099,0.001042,0.005889,0.017893,,,,,,,,,,,,,,,,,,,,,
19,550,train,0.012845,0.002279,0.000867,0.007453,0.012143,,,,,,,,,,,,,,,,,,,,,
19,600,train,0.010856,0.002038,0.001368,0.000097,0.002610,,,,,,,,,,,,,,,,,,,,,
19,end,val,,,,,,0.021819,0.078630,0.082216,0.067594,0.067379,0.485698,0.115185,0.118577,0.096435,0.096230,0.486075,0.690168,0.665270,0.754374,0.750360,0.056223,0.674433,0.627847,0.745033,0.740365,0.063483
20,50,train,0.010655,0.001244,0.000704,0.000246,0.000863,,,,,,,,,,,,,,,,,,,,,
20,100,train,0.012503,0.003067,0.000419,0.002685,0.015817,,,,,,,,,,,,,,,,,,,,,
20,150,train,0.009677,0.002987,0.000698,0.004831,0.014711,,,,,,,,,,,,,,,,,,,,,
20,200,train,0.010298,0.004309,0.000861,0.012136,0.012745,,,,,,,,,,,,,,,,,,,,,
20,250,train,0.011327,0.002618,0.000407,0.003886,0.019435,,,,,,,,,,,,,,,,,,,,,
20,300,train,0.010736,0.004814,0.000504,0.011127,0.018490,,,,,,,,,,,,,,,,,,,,,
20,350,train,0.011175,0.001980,0.000448,0.010643,0.017613,,,,,,,,,,,,,,,,,,,,,
20,400,train,0.008562,0.001661,0.000480,0.012145,0.021734,,,,,,,,,,,,,,,,,,,,,
20,450,train,0.011924,0.003807,0.000842,0.004737,0.023441,,,,,,,,,,,,,,,,,,,,,
20,500,train,0.010582,0.000695,0.001128,0.001881,0.003297,,,,,,,,,,,,,,,,,,,,,
20,550,train,0.013244,0.001445,0.000574,0.002745,0.003345,,,,,,,,,,,,,,,,,,,,,
20,600,train,0.012525,0.002510,0.000351,0.000103,0.001772,,,,,,,,,,,,,,,,,,,,,
20,end,val,,,,,,0.022507,0.079855,0.083818,0.068856,0.069506,0.487350,0.115728,0.120649,0.097088,0.097783,0.487723,0.674878,0.648246,0.739463,0.741364,0.033747,0.664517,0.621538,0.731355,0.731153,0.048697
21,50,train,0.010476,0.002014,0.000458,0.000414,0.011609,,,,,,,,,,,,,,,,,,,,,
21,100,train,0.010583,0.001900,0.001609,0.003820,0.011181,,,,,,,,,,,,,,,,,,,,,
21,150,train,0.010353,0.002162,0.000482,0.002251,0.011372,,,,,,,,,,,,,,,,,,,,,
21,200,train,0.011468,0.001471,0.000153,0.000786,0.001206,,,,,,,,,,,,,,,,,,,,,
21,250,train,0.010955,0.001398,0.000247,0.001860,0.007068,,,,,,,,,,,,,,,,,,,,,
21,300,train,0.011361,0.002759,0.001492,0.011695,0.015026,,,,,,,,,,,,,,,,,,,,,
21,350,train,0.011503,0.002330,0.000521,0.006011,0.018208,,,,,,,,,,,,,,,,,,,,,
21,400,train,0.011808,0.001086,0.000765,0.006553,0.004128,,,,,,,,,,,,,,,,,,,,,
21,450,train,0.010237,0.003234,0.000352,0.001466,0.011701,,,,,,,,,,,,,,,,,,,,,
21,500,train,0.010526,0.003162,0.000897,0.005447,0.010918,,,,,,,,,,,,,,,,,,,,,
21,550,train,0.010180,0.002662,0.000527,0.015580,0.019325,,,,,,,,,,,,,,,,,,,,,
21,600,train,0.010516,0.001392,0.000884,0.002281,0.024592,,,,,,,,,,,,,,,,,,,,,
21,end,val,,,,,,0.022480,0.080434,0.082276,0.069434,0.070841,0.488971,0.115146,0.119125,0.097021,0.098241,0.489341,0.671183,0.644845,0.745223,0.742474,0.007073,0.665760,0.622966,0.734237,0.725039,0.041216
22,50,train,0.009830,0.002097,0.000361,0.002866,0.003438,,,,,,,,,,,,,,,,,,,,,
22,100,train,0.009207,0.002429,0.001137,0.002859,0.003164,,,,,,,,,,,,,,,,,,,,,
22,150,train,0.010633,0.000924,0.000838,0.008027,0.025351,,,,,,,,,,,,,,,,,,,,,
22,200,train,0.011243,0.002161,0.000474,0.002021,0.012480,,,,,,,,,,,,,,,,,,,,,
22,250,train,0.009918,0.000694,0.001008,0.002051,0.013263,,,,,,,,,,,,,,,,,,,,,
22,300,train,0.008670,0.001637,0.000884,0.005848,0.008227,,,,,,,,,,,,,,,,,,,,,
22,350,train,0.011645,0.002117,0.000514,0.003354,0.010541,,,,,,,,,,,,,,,,,,,,,
22,400,train,0.010976,0.000797,0.000340,0.001107,0.004311,,,,,,,,,,,,,,,,,,,,,
22,450,train,0.010023,0.002024,0.000687,0.007191,0.004174,,,,,,,,,,,,,,,,,,,,,
22,500,train,0.010386,0.002901,0.000376,0.001764,0.009240,,,,,,,,,,,,,,,,,,,,,
22,550,train,0.009687,0.000851,0.000283,0.008113,0.027155,,,,,,,,,,,,,,,,,,,,,
22,600,train,0.010078,0.002667,0.000828,0.006853,0.010274,,,,,,,,,,,,,,,,,,,,,
22,end,val,,,,,,0.021988,0.079114,0.081050,0.067150,0.068587,0.486876,0.113997,0.116773,0.094207,0.095581,0.487259,0.685001,0.656662,0.755119,0.751174,0.030996,0.666110,0.618420,0.742512,0.736671,0.044956
23,50,train,0.007718,0.001139,0.000168,0.008437,0.013414,,,,,,,,,,,,,,,,,,,,,
23,100,train,0.008757,0.002000,0.000609,0.005419,0.007195,,,,,,,,,,,,,,,,,,,,,
23,150,train,0.009857,0.001035,0.000370,0.003556,0.016395,,,,,,,,,,,,,,,,,,,,,
23,200,train,0.010737,0.002966,0.000785,0.002205,0.014180,,,,,,,,,,,,,,,,,,,,,
23,250,train,0.010012,0.001531,0.000620,0.007103,0.025329,,,,,,,,,,,,,,,,,,,,,
23,300,train,0.010249,0.001774,0.000520,0.000951,0.002388,,,,,,,,,,,,,,,,,,,,,
23,350,train,0.010870,0.000839,0.000425,0.000559,0.001191,,,,,,,,,,,,,,,,,,,,,
23,400,train,0.011110,0.003307,0.000418,0.009402,0.028338,,,,,,,,,,,,,,,,,,,,,
23,450,train,0.010138,0.001081,0.000616,0.002116,0.003259,,,,,,,,,,,,,,,,,,,,,
23,500,train,0.009190,0.001220,0.001142,0.002232,0.005218,,,,,,,,,,,,,,,,,,,,,
23,550,train,0.010325,0.000859,0.001003,0.001030,0.001597,,,,,,,,,,,,,,,,,,,,,
23,600,train,0.010196,0.001109,0.000379,0.011057,0.020819,,,,,,,,,,,,,,,,,,,,,
23,end,val,,,,,,0.022214,0.077962,0.082000,0.066709,0.068763,0.486265,0.113259,0.117496,0.094066,0.098220,0.486647,0.697349,0.666914,0.767193,0.763240,0.050840,0.686882,0.635108,0.754944,0.750696,0.066744
24,50,train,0.009582,0.001172,0.000539,0.003974,0.002147,,,,,,,,,,,,,,,,,,,,,
24,100,train,0.008924,0.003307,0.000586,0.003312,0.019726,,,,,,,,,,,,,,,,,,,,,
24,150,train,0.008786,0.001938,0.000454,0.000685,0.001305,,,,,,,,,,,,,,,,,,,,,
24,200,train,0.007676,0.001388,0.000353,0.006989,0.011572,,,,,,,,,,,,,,,,,,,,,
24,250,train,0.009834,0.001480,0.001214,0.000128,0.000968,,,,,,,,,,,,,,,,,,,,,
24,300,train,0.010925,0.001152,0.000279,0.003119,0.015652,,,,,,,,,,,,,,,,,,,,,
24,350,train,0.010454,0.001304,0.000320,0.000181,0.006147,,,,,,,,,,,,,,,,,,,,,
24,400,train,0.009200,0.001921,0.000457,0.011815,0.027883,,,,,,,,,,,,,,,,,,,,,
24,450,train,0.009277,0.001228,0.000822,0.004672,0.010322,,,,,,,,,,,,,,,,,,,,,
24,500,train,0.010356,0.004905,0.000570,0.014033,0.025855,,,,,,,,,,,,,,,,,,,,,
24,550,train,0.009729,0.001240,0.000733,0.000291,0.001693,,,,,,,,,,,,,,,,,,,,,
24,600,train,0.010626,0.002908,0.000646,0.005169,0.012051,,,,,,,,,,,,,,,,,,,,,
24,end,val,,,,,,0.023194,0.082886,0.085902,0.066533,0.067867,0.484744,0.115384,0.120227,0.092808,0.094460,0.485138,0.697509,0.672316,0.760813,0.752698,0.036815,0.678465,0.637417,0.749356,0.736521,0.051524
25,50,train,0.009859,0.001697,0.000374,0.000023,0.001958,,,,,,,,,,,,,,,,,,,,,
25,100,train,0.009428,0.001508,0.000416,0.000946,0.006538,,,,,,,,,,,,,,,,,,,,,
25,150,train,0.010734,0.002745,0.000389,0.005839,0.030643,,,,,,,,,,,,,,,,,,,,,
25,200,train,0.009654,0.002339,0.000877,0.001763,0.029984,,,,,,,,,,,,,,,,,,,,,
25,250,train,0.008193,0.001946,0.001052,0.001760,0.012784,,,,,,,,,,,,,,,,,,,,,
25,300,train,0.007729,0.000821,0.000382,0.000227,0.011004,,,,,,,,,,,,,,,,,,,,,
25,350,train,0.010360,0.001578,0.001018,0.014241,0.019149,,,,,,,,,,,,,,,,,,,,,
25,400,train,0.010186,0.001258,0.000716,0.000919,0.002753,,,,,,,,,,,,,,,,,,,,,
25,450,train,0.009252,0.003410,0.000351,0.005208,0.016706,,,,,,,,,,,,,,,,,,,,,
25,500,train,0.009294,0.000884,0.000346,0.000859,0.002561,,,,,,,,,,,,,,,,,,,,,
25,550,train,0.010419,0.002029,0.000640,0.000018,0.000315,,,,,,,,,,,,,,,,,,,,,
25,600,train,0.007776,0.000730,0.001678,0.005634,0.010024,,,,,,,,,,,,,,,,,,,,,
25,end,val,,,,,,0.022328,0.079663,0.081371,0.066523,0.067796,0.486258,0.112057,0.115578,0.093643,0.095656,0.486647,0.690668,0.660217,0.757786,0.751177,0.041196,0.679742,0.630843,0.747258,0.737742,0.058620
26,50,train,0.011024,0.001230,0.000441,0.000484,0.007437,,,,,,,,,,,,,,,,,,,,,
26,100,train,0.009218,0.001136,0.000674,0.000299,0.001339,,,,,,,,,,,,,,,,,,,,,
26,150,train,0.009743,0.000843,0.000337,0.005836,0.004672,,,,,,,,,,,,,,,,,,,,,
26,200,train,0.008059,0.000597,0.000906,0.000942,0.000977,,,,,,,,,,,,,,,,,,,,,
26,250,train,0.007942,0.003409,0.001358,0.000081,0.003769,,,,,,,,,,,,,,,,,,,,,
26,300,train,0.008512,0.001435,0.000907,0.000759,0.008246,,,,,,,,,,,,,,,,,,,,,
26,350,train,0.008023,0.001486,0.000305,0.000635,0.003914,,,,,,,,,,,,,,,,,,,,,
26,400,train,0.009705,0.002131,0.000540,0.001213,0.007086,,,,,,,,,,,,,,,,,,,,,
26,450,train,0.009363,0.000389,0.000474,0.000918,0.002759,,,,,,,,,,,,,,,,,,,,,
26,500,train,0.010126,0.002372,0.000817,0.003317,0.008082,,,,,,,,,,,,,,,,,,,,,
26,550,train,0.008793,0.001274,0.000557,0.003962,0.011257,,,,,,,,,,,,,,,,,,,,,
26,600,train,0.007783,0.001253,0.000877,0.000133,0.000727,,,,,,,,,,,,,,,,,,,,,
26,end,val,,,,,,0.022850,0.078340,0.082390,0.064974,0.067138,0.480981,0.113914,0.117715,0.092434,0.096217,0.481365,0.692590,0.666466,0.766136,0.758181,0.031949,0.687014,0.641967,0.760559,0.747326,0.057489
27,50,train,0.009356,0.001130,0.000907,0.000067,0.000741,,,,,,,,,,,,,,,,,,,,,
27,100,train,0.008396,0.001828,0.000399,0.000200,0.000662,,,,,,,,,,,,,,,,,,,,,
27,150,train,0.009008,0.000501,0.001376,0.005691,0.003111,,,,,,,,,,,,,,,,,,,,,
27,200,train,0.008410,0.000692,0.000490,0.000058,0.001924,,,,,,,,,,,,,,,,,,,,,
27,250,train,0.007766,0.002404,0.000823,0.000177,0.001074,,,,,,,,,,,,,,,,,,,,,
27,300,train,0.008826,0.001117,0.000597,0.002225,0.021998,,,,,,,,,,,,,,,,,,,,,
27,350,train,0.007754,0.001251,0.000237,0.006971,0.008944,,,,,,,,,,,,,,,,,,,,,
27,400,train,0.008062,0.002861,0.000590,0.003341,0.004769,,,,,,,,,,,,,,,,,,,,,
27,450,train,0.010451,0.007000,0.000221,0.006275,0.004949,,,,,,,,,,,,,,,,,,,,,
27,500,train,0.009021,0.001645,0.000558,0.003940,0.014269,,,,,,,,,,,,,,,,,,,,,
27,550,train,0.010219,0.001336,0.000837,0.000050,0.002608,,,,,,,,,,,,,,,,,,,,,
27,600,train,0.012210,0.002546,0.000817,0.000159,0.002239,,,,,,,,,,,,,,,,,,,,,
27,end,val,,,,,,0.023752,0.078037,0.082285,0.066187,0.066688,0.479863,0.113036,0.116807,0.094090,0.095454,0.480266,0.699278,0.671463,0.762952,0.760709,0.057678,0.690056,0.640668,0.755617,0.749773,0.068038
28,50,train,0.008603,0.001173,0.000772,0.005012,0.004579,,,,,,,,,,,,,,,,,,,,,
28,100,train,0.008016,0.001180,0.001587,0.000044,0.000791,,,,,,,,,,,,,,,,,,,,,
28,150,train,0.007785,0.002217,0.000756,0.007236,0.016449,,,,,,,,,,,,,,,,,,,,,
28,200,train,0.009054,0.002356,0.000349,0.000500,0.020152,,,,,,,,,,,,,,,,,,,,,
28,250,train,0.007410,0.001394,0.000633,0.000273,0.002205,,,,,,,,,,,,,,,,,,,,,
28,300,train,0.009264,0.001199,0.000667,0.000134,0.000459,,,,,,,,,,,,,,,,,,,,,
28,350,train,0.010073,0.004488,0.001280,0.012966,0.017379,,,,,,,,,,,,,,,,,,,,,
28,400,train,0.009359,0.002686,0.000176,0.000775,0.002490,,,,,,,,,,,,,,,,,,,,,
28,450,train,0.010651,0.001693,0.000773,0.000848,0.002070,,,,,,,,,,,,,,,,,,,,,
28,500,train,0.007803,0.000651,0.000799,0.005065,0.012312,,,,,,,,,,,,,,,,,,,,,
28,550,train,0.011054,0.003105,0.000545,0.002386,0.015317,,,,,,,,,,,,,,,,,,,,,
28,600,train,0.008706,0.000681,0.000868,0.004571,0.028794,,,,,,,,,,,,,,,,,,,,,
28,end,val,,,,,,0.022511,0.078402,0.083487,0.066753,0.068539,0.481679,0.116181,0.120969,0.095484,0.098668,0.482071,0.688047,0.657619,0.760762,0.755642,0.044744,0.689355,0.650437,0.758019,0.746455,0.067705
29,50,train,0.006913,0.001333,0.000504,0.003616,0.005440,,,,,,,,,,,,,,,,,,,,,
29,100,train,0.008354,0.001656,0.000630,0.001306,0.003027,,,,,,,,,,,,,,,,,,,,,
29,150,train,0.009652,0.002589,0.000086,0.000971,0.002636,,,,,,,,,,,,,,,,,,,,,
29,200,train,0.007663,0.000933,0.000466,0.000289,0.003173,,,,,,,,,,,,,,,,,,,,,
29,250,train,0.009123,0.002606,0.000774,0.000433,0.004247,,,,,,,,,,,,,,,,,,,,,
29,300,train,0.007903,0.000622,0.000624,0.002227,0.023891,,,,,,,,,,,,,,,,,,,,,
29,350,train,0.009277,0.001377,0.000932,0.007696,0.020559,,,,,,,,,,,,,,,,,,,,,
29,400,train,0.006412,0.002314,0.000590,0.010584,0.022678,,,,,,,,,,,,,,,,,,,,,
29,450,train,0.009927,0.004345,0.000263,0.005646,0.020736,,,,,,,,,,,,,,,,,,,,,
29,500,train,0.009423,0.002063,0.000299,0.000694,0.002153,,,,,,,,,,,,,,,,,,,,,
29,550,train,0.010522,0.001318,0.000607,0.009311,0.021428,,,,,,,,,,,,,,,,,,,,,
29,600,train,0.008596,0.001899,0.000452,0.000742,0.004010,,,,,,,,,,,,,,,,,,,,,
29,end,val,,,,,,0.022757,0.077364,0.081351,0.065540,0.066945,0.483616,0.111805,0.116105,0.093285,0.095359,0.483991,0.702770,0.673502,0.765502,0.762261,0.077185,0.701245,0.658354,0.758819,0.753274,0.073136
30,50,train,0.008183,0.001193,0.000506,0.004861,0.006937,,,,,,,,,,,,,,,,,,,,,
30,100,train,0.008832,0.001519,0.000307,0.007453,0.018668,,,,,,,,,,,,,,,,,,,,,
30,150,train,0.008080,0.002724,0.000617,0.000238,0.003771,,,,,,,,,,,,,,,,,,,,,
30,200,train,0.007224,0.004174,0.000855,0.001030,0.006853,,,,,,,,,,,,,,,,,,,,,
30,250,train,0.008596,0.002755,0.000644,0.000193,0.003175,,,,,,,,,,,,,,,,,,,,,
30,300,train,0.008606,0.001237,0.000431,0.019038,0.016815,,,,,,,,,,,,,,,,,,,,,
30,350,train,0.008975,0.002524,0.000825,0.006123,0.022402,,,,,,,,,,,,,,,,,,,,,
30,400,train,0.007368,0.003059,0.001369,0.005393,0.004876,,,,,,,,,,,,,,,,,,,,,
30,450,train,0.008749,0.000965,0.000233,0.000218,0.001509,,,,,,,,,,,,,,,,,,,,,
30,500,train,0.008015,0.002008,0.000873,0.001847,0.005604,,,,,,,,,,,,,,,,,,,,,
30,550,train,0.008889,0.002581,0.000538,0.002596,0.005481,,,,,,,,,,,,,,,,,,,,,
30,600,train,0.009380,0.001282,0.000570,0.013334,0.006451,,,,,,,,,,,,,,,,,,,,,
30,end,val,,,,,,0.022370,0.078095,0.082008,0.066122,0.066912,0.485419,0.113028,0.117456,0.093913,0.095345,0.485796,0.692791,0.665578,0.756436,0.754761,0.056538,0.690464,0.646664,0.756619,0.751659,0.072730
31,50,train,0.008203,0.001706,0.000528,0.000060,0.000610,,,,,,,,,,,,,,,,,,,,,
31,100,train,0.006648,0.002238,0.000195,0.000897,0.009547,,,,,,,,,,,,,,,,,,,,,
31,150,train,0.007758,0.000786,0.000579,0.003159,0.025898,,,,,,,,,,,,,,,,,,,,,
31,200,train,0.007721,0.000902,0.000477,0.003057,0.027953,,,,,,,,,,,,,,,,,,,,,
31,250,train,0.007478,0.001810,0.000610,0.000410,0.016544,,,,,,,,,,,,,,,,,,,,,
31,300,train,0.007492,0.001185,0.000556,0.006586,0.005678,,,,,,,,,,,,,,,,,,,,,
31,350,train,0.008376,0.001740,0.000614,0.008174,0.012433,,,,,,,,,,,,,,,,,,,,,
31,400,train,0.007275,0.002843,0.000759,0.013831,0.003171,,,,,,,,,,,,,,,,,,,,,
31,450,train,0.008990,0.001152,0.000949,0.005513,0.009037,,,,,,,,,,,,,,,,,,,,,
31,500,train,0.008250,0.003452,0.000616,0.009411,0.006353,,,,,,,,,,,,,,,,,,,,,
31,550,train,0.009557,0.001123,0.000810,0.002048,0.014180,,,,,,,,,,,,,,,,,,,,,
31,600,train,0.008342,0.000953,0.000555,0.004199,0.013368,,,,,,,,,,,,,,,,,,,,,
31,end,val,,,,,,0.022119,0.078785,0.081567,0.068202,0.068734,0.484557,0.111499,0.115604,0.094313,0.095121,0.484932,0.694433,0.661864,0.763220,0.760831,0.073025,0.690060,0.640384,0.755148,0.754429,0.078182
32,50,train,0.007619,0.003663,0.000410,0.000667,0.015464,,,,,,,,,,,,,,,,,,,,,
32,100,train,0.007759,0.001862,0.001021,0.001226,0.014560,,,,,,,,,,,,,,,,,,,,,
32,150,train,0.008373,0.001128,0.000741,0.000085,0.001138,,,,,,,,,,,,,,,,,,,,,
32,200,train,0.008521,0.000966,0.000606,0.003688,0.008804,,,,,,,,,,,,,,,,,,,,,
32,250,train,0.006517,0.004014,0.000532,0.001809,0.011097,,,,,,,,,,,,,,,,,,,,,
32,300,train,0.007680,0.002054,0.000643,0.000642,0.005954,,,,,,,,,,,,,,,,,,,,,
32,350,train,0.008960,0.000607,0.000697,0.000758,0.004951,,,,,,,,,,,,,,,,,,,,,
32,400,train,0.008916,0.001304,0.000643,0.000612,0.010263,,,,,,,,,,,,,,,,,,,,,
32,450,train,0.007237,0.002088,0.000306,0.002563,0.003889,,,,,,,,,,,,,,,,,,,,,
32,500,train,0.009437,0.001631,0.000962,0.015684,0.042435,,,,,,,,,,,,,,,,,,,,,
32,550,train,0.008981,0.003705,0.000673,0.001696,0.013350,,,,,,,,,,,,,,,,,,,,,
32,600,train,0.007411,0.001800,0.000665,0.000860,0.001611,,,,,,,,,,,,,,,,,,,,,
32,end,val,,,,,,0.022985,0.078161,0.083470,0.065627,0.066754,0.480750,0.113774,0.119735,0.092829,0.094538,0.481133,0.696122,0.665360,0.764063,0.758791,0.033622,0.698566,0.653264,0.760034,0.753345,0.055826
33,50,train,0.008234,0.002937,0.000444,0.015026,0.033512,,,,,,,,,,,,,,,,,,,,,
33,100,train,0.006776,0.000812,0.000688,0.001494,0.009277,,,,,,,,,,,,,,,,,,,,,
33,150,train,0.007603,0.000881,0.000606,0.000311,0.008066,,,,,,,,,,,,,,,,,,,,,
33,200,train,0.007754,0.001455,0.000460,0.000241,0.001594,,,,,,,,,,,,,,,,,,,,,
33,250,train,0.007973,0.001107,0.000819,0.001197,0.016843,,,,,,,,,,,,,,,,,,,,,
33,300,train,0.007028,0.001547,0.000480,0.001967,0.002377,,,,,,,,,,,,,,,,,,,,,
33,350,train,0.006950,0.000535,0.000499,0.001922,0.002502,,,,,,,,,,,,,,,,,,,,,
33,400,train,0.009191,0.002041,0.000209,0.002538,0.015134,,,,,,,,,,,,,,,,,,,,,
33,450,train,0.006523,0.002819,0.000868,0.001787,0.009840,,,,,,,,,,,,,,,,,,,,,
33,500,train,0.007974,0.001624,0.000728,0.005555,0.026511,,,,,,,,,,,,,,,,,,,,,
33,550,train,0.007281,0.000867,0.000450,0.001584,0.007029,,,,,,,,,,,,,,,,,,,,,
33,600,train,0.008231,0.001808,0.000367,0.000720,0.005006,,,,,,,,,,,,,,,,,,,,,
33,end,val,,,,,,0.022780,0.078537,0.083263,0.064981,0.066705,0.478052,0.115061,0.119657,0.092049,0.095421,0.478439,0.691422,0.659642,0.767732,0.762121,0.053575,0.690665,0.642726,0.761589,0.750308,0.075394
34,50,train,0.006807,0.001148,0.000557,0.000157,0.001702,,,,,,,,,,,,,,,,,,,,,
34,100,train,0.006599,0.003847,0.000853,0.001516,0.015629,,,,,,,,,,,,,,,,,,,,,
34,150,train,0.006845,0.001914,0.000722,0.004035,0.021492,,,,,,,,,,,,,,,,,,,,,
34,200,train,0.007280,0.002475,0.000500,0.001814,0.011839,,,,,,,,,,,,,,,,,,,,,
34,250,train,0.007727,0.016480,0.000266,0.010368,0.012050,,,,,,,,,,,,,,,,,,,,,
34,300,train,0.007696,0.002166,0.000365,0.010623,0.011605,,,,,,,,,,,,,,,,,,,,,
34,350,train,0.008491,0.002739,0.000735,0.004694,0.023537,,,,,,,,,,,,,,,,,,,,,
34,400,train,0.007995,0.002249,0.000577,0.006880,0.009335,,,,,,,,,,,,,,,,,,,,,
34,450,train,0.007107,0.003079,0.000414,0.004035,0.017185,,,,,,,,,,,,,,,,,,,,,
34,500,train,0.007638,0.001471,0.000703,0.000299,0.000912,,,,,,,,,,,,,,,,,,,,,
34,550,train,0.007689,0.000561,0.000223,0.000488,0.002401,,,,,,,,,,,,,,,,,,,,,
34,600,train,0.007205,0.001734,0.000486,0.003717,0.003742,,,,,,,,,,,,,,,,,,,,,
34,end,val,,,,,,0.022968,0.079038,0.084130,0.065287,0.066475,0.483777,0.113375,0.119923,0.092199,0.094217,0.484168,0.700338,0.667685,0.764145,0.760915,0.072457,0.693840,0.647606,0.762264,0.754709,0.088020
35,50,train,0.008147,0.002513,0.001125,0.007622,0.008787,,,,,,,,,,,,,,,,,,,,,
35,100,train,0.007312,0.001685,0.000361,0.001529,0.005612,,,,,,,,,,,,,,,,,,,,,
35,150,train,0.006805,0.001149,0.000813,0.000755,0.004038,,,,,,,,,,,,,,,,,,,,,
35,200,train,0.008007,0.001109,0.000170,0.005141,0.008009,,,,,,,,,,,,,,,,,,,,,
35,250,train,0.006895,0.001850,0.000888,0.001933,0.022602,,,,,,,,,,,,,,,,,,,,,
35,300,train,0.008542,0.003592,0.000340,0.002201,0.006345,,,,,,,,,,,,,,,,,,,,,
35,350,train,0.007247,0.001350,0.000830,0.000032,0.000883,,,,,,,,,,,,,,,,,,,,,
35,400,train,0.007345,0.000964,0.000919,0.000305,0.001004,,,,,,,,,,,,,,,,,,,,,
35,450,train,0.007463,0.001075,0.000554,0.003035,0.010055,,,,,,,,,,,,,,,,,,,,,
35,500,train,0.006346,0.001406,0.001133,0.000898,0.002923,,,,,,,,,,,,,,,,,,,,,
35,550,train,0.008096,0.002083,0.000866,0.002988,0.029206,,,,,,,,,,,,,,,,,,,,,
35,600,train,0.006526,0.001373,0.000249,0.008066,0.005603,,,,,,,,,,,,,,,,,,,,,
35,end,val,,,,,,0.023096,0.079388,0.084123,0.066412,0.067370,0.481693,0.116055,0.121220,0.093180,0.095006,0.482087,0.681397,0.647878,0.757129,0.750795,0.063316,0.676660,0.627701,0.752676,0.745220,0.083281
36,50,train,0.005908,0.000833,0.000542,0.000091,0.002637,,,,,,,,,,,,,,,,,,,,,
36,100,train,0.007101,0.000503,0.000689,0.000176,0.004331,,,,,,,,,,,,,,,,,,,,,
36,150,train,0.007440,0.001424,0.000522,0.000137,0.005288,,,,,,,,,,,,,,,,,,,,,
36,200,train,0.006202,0.001379,0.000736,0.003293,0.008080,,,,,,,,,,,,,,,,,,,,,
36,250,train,0.007436,0.000841,0.001245,0.000756,0.002414,,,,,,,,,,,,,,,,,,,,,
36,300,train,0.007928,0.001623,0.000674,0.000306,0.004535,,,,,,,,,,,,,,,,,,,,,
36,350,train,0.007100,0.001298,0.000709,0.002691,0.018096,,,,,,,,,,,,,,,,,,,,,
36,400,train,0.007631,0.001441,0.000686,0.000005,0.001031,,,,,,,,,,,,,,,,,,,,,
36,450,train,0.008520,0.001074,0.000850,0.000007,0.003294,,,,,,,,,,,,,,,,,,,,,
36,500,train,0.006968,0.001646,0.000438,0.001222,0.004575,,,,,,,,,,,,,,,,,,,,,
36,550,train,0.006734,0.002059,0.000323,0.000008,0.002808,,,,,,,,,,,,,,,,,,,,,
36,600,train,0.006957,0.001477,0.000202,0.000835,0.010623,,,,,,,,,,,,,,,,,,,,,
36,end,val,,,,,,0.023712,0.080957,0.083020,0.067620,0.068972,0.485198,0.113955,0.117767,0.094811,0.096460,0.485585,0.686798,0.662346,0.752022,0.744314,0.058982,0.673351,0.633999,0.751853,0.738035,0.070841
37,50,train,0.007959,0.000765,0.000177,0.000094,0.003619,,,,,,,,,,,,,,,,,,,,,
37,100,train,0.006779,0.001953,0.000422,0.004689,0.008005,,,,,,,,,,,,,,,,,,,,,
37,150,train,0.007370,0.002397,0.000466,0.003306,0.037337,,,,,,,,,,,,,,,,,,,,,
37,200,train,0.006459,0.000837,0.000442,0.000721,0.001432,,,,,,,,,,,,,,,,,,,,,
37,250,train,0.006319,0.001361,0.000770,0.001394,0.015411,,,,,,,,,,,,,,,,,,,,,
37,300,train,0.007109,0.003390,0.000611,0.003763,0.004168,,,,,,,,,,,,,,,,,,,,,
37,350,train,0.005901,0.002082,0.000485,0.000152,0.001964,,,,,,,,,,,,,,,,,,,,,
37,400,train,0.007376,0.001021,0.000422,0.000168,0.001882,,,,,,,,,,,,,,,,,,,,,
37,450,train,0.006680,0.001058,0.000368,0.003824,0.012505,,,,,,,,,,,,,,,,,,,,,
37,500,train,0.007618,0.000792,0.000327,0.000507,0.001451,,,,,,,,,,,,,,,,,,,,,
37,550,train,0.008709,0.002713,0.000912,0.002158,0.008688,,,,,,,,,,,,,,,,,,,,,
37,600,train,0.006832,0.002118,0.000874,0.001985,0.015314,,,,,,,,,,,,,,,,,,,,,
37,end,val,,,,,,0.022869,0.079754,0.083644,0.065647,0.067222,0.481220,0.115819,0.119805,0.093096,0.094819,0.481605,0.693232,0.666089,0.763194,0.754155,0.090174,0.682604,0.648967,0.753398,0.742587,0.083111
38,50,train,0.006625,0.002254,0.000628,0.000508,0.001368,,,,,,,,,,,,,,,,,,,,,
38,100,train,0.007817,0.005842,0.000418,0.004093,0.007642,,,,,,,,,,,,,,,,,,,,,
38,150,train,0.007679,0.001352,0.000445,0.001310,0.004268,,,,,,,,,,,,,,,,,,,,,
38,200,train,0.006760,0.001002,0.000292,0.000390,0.024561,,,,,,,,,,,,,,,,,,,,,
38,250,train,0.007274,0.001329,0.000405,0.008260,0.019543,,,,,,,,,,,,,,,,,,,,,
38,300,train,0.006290,0.002343,0.001184,0.002829,0.004738,,,,,,,,,,,,,,,,,,,,,
38,350,train,0.006634,0.001262,0.000271,0.004018,0.005400,,,,,,,,,,,,,,,,,,,,,
38,400,train,0.006571,0.000996,0.000431,0.000932,0.001417,,,,,,,,,,,,,,,,,,,,,
38,450,train,0.007333,0.001647,0.000253,0.000339,0.002527,,,,,,,,,,,,,,,,,,,,,
38,500,train,0.006773,0.000895,0.000458,0.002658,0.007033,,,,,,,,,,,,,,,,,,,,,
38,550,train,0.008587,0.001545,0.001443,0.007411,0.008705,,,,,,,,,,,,,,,,,,,,,
38,600,train,0.007236,0.003130,0.000458,0.005341,0.010549,,,,,,,,,,,,,,,,,,,,,
38,end,val,,,,,,0.022980,0.078268,0.082808,0.065313,0.066336,0.481782,0.113360,0.118103,0.093886,0.095560,0.482169,0.690062,0.662125,0.765279,0.758834,0.058850,0.684666,0.643252,0.764369,0.754837,0.072459
39,50,train,0.007684,0.002501,0.000341,0.010313,0.014000,,,,,,,,,,,,,,,,,,,,,
39,100,train,0.006775,0.002138,0.000722,0.000209,0.001466,,,,,,,,,,,,,,,,,,,,,
39,150,train,0.006191,0.000942,0.000747,0.000571,0.018497,,,,,,,,,,,,,,,,,,,,,
39,200,train,0.007042,0.000937,0.000787,0.002917,0.015827,,,,,,,,,,,,,,,,,,,,,
39,250,train,0.006434,0.001474,0.000682,0.001091,0.001499,,,,,,,,,,,,,,,,,,,,,
39,300,train,0.006200,0.001497,0.000442,0.000832,0.003321,,,,,,,,,,,,,,,,,,,,,
39,350,train,0.007036,0.001383,0.000450,0.000670,0.003702,,,,,,,,,,,,,,,,,,,,,
39,400,train,0.007836,0.001709,0.000474,0.000133,0.002561,,,,,,,,,,,,,,,,,,,,,
39,450,train,0.006592,0.002587,0.000768,0.003030,0.009509,,,,,,,,,,,,,,,,,,,,,
39,500,train,0.007609,0.001393,0.000501,0.000092,0.000966,,,,,,,,,,,,,,,,,,,,,
39,550,train,0.006618,0.000738,0.000968,0.000588,0.001200,,,,,,,,,,,,,,,,,,,,,
39,600,train,0.006384,0.002634,0.000546,0.005254,0.009221,,,,,,,,,,,,,,,,,,,,,
39,end,val,,,,,,0.023434,0.080058,0.084913,0.065807,0.066816,0.480940,0.115065,0.120591,0.092441,0.094091,0.481335,0.692749,0.663709,0.761273,0.755642,0.075230,0.682225,0.639334,0.758113,0.749968,0.086032
40,50,train,0.007727,0.000911,0.000400,0.000525,0.011881,,,,,,,,,,,,,,,,,,,,,
40,100,train,0.006842,0.001197,0.000250,0.003077,0.000162,,,,,,,,,,,,,,,,,,,,,
40,150,train,0.005151,0.001368,0.000373,0.000039,0.000793,,,,,,,,,,,,,,,,,,,,,
40,200,train,0.006045,0.000949,0.000799,0.000123,0.000904,,,,,,,,,,,,,,,,,,,,,
40,250,train,0.006801,0.001406,0.000591,0.008706,0.009603,,,,,,,,,,,,,,,,,,,,,
40,300,train,0.006929,0.001974,0.000231,0.002026,0.012265,,,,,,,,,,,,,,,,,,,,,
40,350,train,0.006386,0.000825,0.000405,0.001613,0.007652,,,,,,,,,,,,,,,,,,,,,
40,400,train,0.005445,0.001251,0.000191,0.000102,0.002049,,,,,,,,,,,,,,,,,,,,,
40,450,train,0.008054,0.001251,0.000339,0.000326,0.003214,,,,,,,,,,,,,,,,,,,,,
40,500,train,0.007262,0.002274,0.000583,0.000157,0.000819,,,,,,,,,,,,,,,,,,,,,
40,550,train,0.007025,0.002622,0.000330,0.000866,0.002532,,,,,,,,,,,,,,,,,,,,,
40,600,train,0.005966,0.000792,0.000461,0.000227,0.008591,,,,,,,,,,,,,,,,,,,,,
40,end,val,,,,,,0.022866,0.079921,0.083727,0.066321,0.067035,0.480017,0.116308,0.120195,0.094631,0.095663,0.480418,0.692664,0.660880,0.766543,0.758090,0.086532,0.681021,0.638823,0.755152,0.743395,0.086516
41,50,train,0.007396,0.002618,0.000876,0.003137,0.005615,,,,,,,,,,,,,,,,,,,,,
41,100,train,0.005880,0.001144,0.000515,0.001102,0.009935,,,,,,,,,,,,,,,,,,,,,
41,150,train,0.006833,0.000585,0.000656,0.004379,0.013379,,,,,,,,,,,,,,,,,,,,,
41,200,train,0.007060,0.001812,0.000458,0.000731,0.004871,,,,,,,,,,,,,,,,,,,,,
41,250,train,0.006154,0.003204,0.000849,0.008013,0.004002,,,,,,,,,,,,,,,,,,,,,
41,300,train,0.006164,0.000850,0.000426,0.000132,0.001482,,,,,,,,,,,,,,,,,,,,,
41,350,train,0.005144,0.000945,0.000301,0.004341,0.006782,,,,,,,,,,,,,,,,,,,,,
41,400,train,0.006931,0.001157,0.000566,0.000679,0.002087,,,,,,,,,,,,,,,,,,,,,
41,450,train,0.006197,0.000883,0.000959,0.001307,0.003585,,,,,,,,,,,,,,,,,,,,,
41,500,train,0.006423,0.000565,0.000443,0.000600,0.002092,,,,,,,,,,,,,,,,,,,,,
41,550,train,0.007469,0.001281,0.000450,0.003576,0.008863,,,,,,,,,,,,,,,,,,,,,
41,600,train,0.006216,0.001631,0.000180,0.000620,0.005965,,,,,,,,,,,,,,,,,,,,,
41,end,val,,,,,,0.022929,0.080378,0.085824,0.066555,0.068966,0.481776,0.117879,0.123685,0.094362,0.097936,0.482163,0.685327,0.656826,0.764567,0.754226,0.098059,0.673910,0.644244,0.751532,0.736042,0.091711
42,50,train,0.005408,0.001872,0.000546,0.001069,0.020675,,,,,,,,,,,,,,,,,,,,,
42,100,train,0.005963,0.000614,0.000106,0.006058,0.010099,,,,,,,,,,,,,,,,,,,,,
42,150,train,0.006204,0.000968,0.000514,0.000018,0.001203,,,,,,,,,,,,,,,,,,,,,
42,200,train,0.007879,0.001100,0.000579,0.001196,0.004472,,,,,,,,,,,,,,,,,,,,,
42,250,train,0.006354,0.003739,0.000367,0.002966,0.011085,,,,,,,,,,,,,,,,,,,,,
42,300,train,0.006950,0.000881,0.000623,0.003360,0.007289,,,,,,,,,,,,,,,,,,,,,
42,350,train,0.007222,0.001001,0.000243,0.001017,0.005930,,,,,,,,,,,,,,,,,,,,,
42,400,train,0.006249,0.001538,0.001016,0.000288,0.000449,,,,,,,,,,,,,,,,,,,,,
42,450,train,0.005871,0.001864,0.000427,0.001167,0.011816,,,,,,,,,,,,,,,,,,,,,
42,500,train,0.006693,0.001145,0.000608,0.000236,0.005294,,,,,,,,,,,,,,,,,,,,,
42,550,train,0.006166,0.000460,0.000372,0.000190,0.003142,,,,,,,,,,,,,,,,,,,,,
42,600,train,0.006774,0.000553,0.000277,0.001189,0.003215,,,,,,,,,,,,,,,,,,,,,
42,end,val,,,,,,0.022449,0.077139,0.080393,0.064466,0.065899,0.483071,0.112464,0.116611,0.091440,0.093415,0.483461,0.695612,0.665569,0.767510,0.760408,0.081761,0.691774,0.654756,0.762193,0.752534,0.080651
43,50,train,0.005639,0.001496,0.000324,0.004555,0.008985,,,,,,,,,,,,,,,,,,,,,
43,100,train,0.006519,0.002177,0.000764,0.003755,0.004062,,,,,,,,,,,,,,,,,,,,,
43,150,train,0.006776,0.001318,0.000423,0.011227,0.039300,,,,,,,,,,,,,,,,,,,,,
43,200,train,0.007134,0.000800,0.000433,0.001440,0.005413,,,,,,,,,,,,,,,,,,,,,
43,250,train,0.005730,0.001727,0.000200,0.000775,0.013096,,,,,,,,,,,,,,,,,,,,,
43,300,train,0.006224,0.003017,0.000644,0.000347,0.003696,,,,,,,,,,,,,,,,,,,,,
43,350,train,0.006966,0.002429,0.000184,0.002256,0.005055,,,,,,,,,,,,,,,,,,,,,
43,400,train,0.005765,0.001148,0.000371,0.000032,0.001419,,,,,,,,,,,,,,,,,,,,,
43,450,train,0.006644,0.000786,0.000509,0.000276,0.004824,,,,,,,,,,,,,,,,,,,,,
43,500,train,0.005784,0.001655,0.000643,0.001023,0.010222,,,,,,,,,,,,,,,,,,,,,
43,550,train,0.006025,0.000887,0.000679,0.000182,0.000873,,,,,,,,,,,,,,,,,,,,,
43,600,train,0.005684,0.001404,0.000285,0.000708,0.003669,,,,,,,,,,,,,,,,,,,,,
43,end,val,,,,,,0.023221,0.078501,0.082290,0.066463,0.068355,0.479630,0.113891,0.118765,0.093457,0.095945,0.480018,0.686589,0.658949,0.757735,0.746363,0.085579,0.680760,0.643110,0.753512,0.738004,0.083700
44,50,train,0.006458,0.001838,0.000274,0.000030,0.000966,,,,,,,,,,,,,,,,,,,,,
44,100,train,0.005654,0.000456,0.000254,0.000223,0.001694,,,,,,,,,,,,,,,,,,,,,
44,150,train,0.005209,0.001235,0.000325,0.000014,0.001202,,,,,,,,,,,,,,,,,,,,,
44,200,train,0.006878,0.000930,0.000554,0.000155,0.002461,,,,,,,,,,,,,,,,,,,,,
44,250,train,0.006273,0.002212,0.000460,0.000297,0.001176,,,,,,,,,,,,,,,,,,,,,
44,300,train,0.005439,0.001052,0.000808,0.000139,0.001229,,,,,,,,,,,,,,,,,,,,,
44,350,train,0.005478,0.001535,0.000814,0.002241,0.003909,,,,,,,,,,,,,,,,,,,,,
44,400,train,0.006567,0.003381,0.000375,0.001232,0.012544,,,,,,,,,,,,,,,,,,,,,
44,450,train,0.006340,0.001283,0.000398,0.000216,0.002054,,,,,,,,,,,,,,,,,,,,,
44,500,train,0.005676,0.001649,0.000251,0.000400,0.005234,,,,,,,,,,,,,,,,,,,,,
44,550,train,0.006545,0.001112,0.000445,0.000021,0.002650,,,,,,,,,,,,,,,,,,,,,
44,600,train,0.005368,0.001804,0.000274,0.000251,0.011639,,,,,,,,,,,,,,,,,,,,,
44,end,val,,,,,,0.023153,0.078225,0.080940,0.064762,0.067211,0.479650,0.111586,0.115808,0.091164,0.093707,0.480044,0.699067,0.670075,0.770757,0.759811,0.117272,0.691143,0.656536,0.760262,0.748193,0.098659
45,50,train,0.006928,0.002196,0.000467,0.004745,0.017358,,,,,,,,,,,,,,,,,,,,,
45,100,train,0.005916,0.001306,0.000332,0.003517,0.017833,,,,,,,,,,,,,,,,,,,,,
45,150,train,0.005044,0.000653,0.000817,0.000196,0.003561,,,,,,,,,,,,,,,,,,,,,
45,200,train,0.006478,0.000480,0.000259,0.003556,0.023733,,,,,,,,,,,,,,,,,,,,,
45,250,train,0.006341,0.001068,0.000379,0.010422,0.010057,,,,,,,,,,,,,,,,,,,,,
45,300,train,0.005458,0.001357,0.002278,0.000411,0.003271,,,,,,,,,,,,,,,,,,,,,
45,350,train,0.005743,0.000737,0.000850,0.006555,0.002992,,,,,,,,,,,,,,,,,,,,,
45,400,train,0.005555,0.001756,0.000086,0.001227,0.006091,,,,,,,,,,,,,,,,,,,,,
45,450,train,0.006450,0.001063,0.000234,0.001083,0.002599,,,,,,,,,,,,,,,,,,,,,
45,500,train,0.005933,0.001310,0.000785,0.005310,0.004820,,,,,,,,,,,,,,,,,,,,,
45,550,train,0.006077,0.005096,0.000294,0.004539,0.004244,,,,,,,,,,,,,,,,,,,,,
45,600,train,0.005794,0.000951,0.001232,0.000783,0.006529,,,,,,,,,,,,,,,,,,,,,
45,end,val,,,,,,0.024480,0.080265,0.084004,0.068049,0.069415,0.478845,0.114436,0.120219,0.094509,0.095948,0.479245,0.689182,0.659999,0.757503,0.749968,0.083484,0.684996,0.645852,0.754949,0.741625,0.093817
46,50,train,0.006121,0.000600,0.000239,0.000778,0.006665,,,,,,,,,,,,,,,,,,,,,
46,100,train,0.004875,0.001730,0.000223,0.008521,0.004264,,,,,,,,,,,,,,,,,,,,,
46,150,train,0.005704,0.002031,0.000681,0.000464,0.004743,,,,,,,,,,,,,,,,,,,,,
46,200,train,0.006180,0.000716,0.000429,0.003755,0.016124,,,,,,,,,,,,,,,,,,,,,
46,250,train,0.006552,0.001377,0.000987,0.000300,0.003356,,,,,,,,,,,,,,,,,,,,,
46,300,train,0.006872,0.001455,0.000469,0.001728,0.025693,,,,,,,,,,,,,,,,,,,,,
46,350,train,0.007273,0.001781,0.000274,0.003253,0.017254,,,,,,,,,,,,,,,,,,,,,
46,400,train,0.005840,0.002477,0.000983,0.001035,0.002237,,,,,,,,,,,,,,,,,,,,,
46,450,train,0.006704,0.001295,0.001144,0.005151,0.020672,,,,,,,,,,,,,,,,,,,,,
46,500,train,0.005568,0.002109,0.000134,0.001841,0.003871,,,,,,,,,,,,,,,,,,,,,
46,550,train,0.006204,0.001641,0.000935,0.003124,0.003897,,,,,,,,,,,,,,,,,,,,,
46,600,train,0.004687,0.001573,0.000340,0.000059,0.002272,,,,,,,,,,,,,,,,,,,,,
46,end,val,,,,,,0.022909,0.080956,0.084597,0.065071,0.066600,0.475473,0.119149,0.122504,0.092416,0.094710,0.475871,0.683296,0.651590,0.763285,0.755583,0.084054,0.686971,0.644864,0.757915,0.746379,0.084718
47,50,train,0.005100,0.001607,0.000642,0.000727,0.006098,,,,,,,,,,,,,,,,,,,,,
47,100,train,0.005174,0.000917,0.000584,0.006873,0.010740,,,,,,,,,,,,,,,,,,,,,
47,150,train,0.005450,0.000571,0.000686,0.006305,0.006847,,,,,,,,,,,,,,,,,,,,,
47,200,train,0.005680,0.000948,0.000409,0.000770,0.009317,,,,,,,,,,,,,,,,,,,,,
47,250,train,0.006330,0.000900,0.000688,0.002752,0.002702,,,,,,,,,,,,,,,,,,,,,
47,300,train,0.005420,0.000921,0.000710,0.008682,0.012816,,,,,,,,,,,,,,,,,,,,,
47,350,train,0.005640,0.000715,0.000717,0.000690,0.017786,,,,,,,,,,,,,,,,,,,,,
47,400,train,0.005673,0.001112,0.000457,0.000561,0.001906,,,,,,,,,,,,,,,,,,,,,
47,450,train,0.007584,0.001947,0.000530,0.004625,0.012505,,,,,,,,,,,,,,,,,,,,,
47,500,train,0.005720,0.001571,0.000650,0.001337,0.006169,,,,,,,,,,,,,,,,,,,,,
47,550,train,0.006394,0.001517,0.000406,0.005681,0.008171,,,,,,,,,,,,,,,,,,,,,
47,600,train,0.005792,0.003225,0.000493,0.000310,0.009841,,,,,,,,,,,,,,,,,,,,,
47,end,val,,,,,,0.023231,0.081122,0.085166,0.066410,0.068866,0.475787,0.118589,0.122635,0.094461,0.097778,0.476193,0.690122,0.660487,0.762860,0.753835,0.064485,0.681778,0.641272,0.758027,0.740506,0.074343
48,50,train,0.006127,0.001868,0.000508,0.003351,0.013617,,,,,,,,,,,,,,,,,,,,,
48,100,train,0.006039,0.001558,0.000592,0.004283,0.011704,,,,,,,,,,,,,,,,,,,,,
48,150,train,0.005276,0.001836,0.000280,0.000038,0.003429,,,,,,,,,,,,,,,,,,,,,
48,200,train,0.005711,0.000795,0.000965,0.000331,0.003120,,,,,,,,,,,,,,,,,,,,,
48,250,train,0.006299,0.000564,0.000342,0.000324,0.018483,,,,,,,,,,,,,,,,,,,,,
48,300,train,0.005704,0.002421,0.000615,0.001411,0.006354,,,,,,,,,,,,,,,,,,,,,
48,350,train,0.005900,0.001462,0.000826,0.000679,0.003468,,,,,,,,,,,,,,,,,,,,,
48,400,train,0.005810,0.001430,0.002137,0.000424,0.005435,,,,,,,,,,,,,,,,,,,,,
48,450,train,0.005785,0.002011,0.001006,0.006287,0.021602,,,,,,,,,,,,,,,,,,,,,
48,500,train,0.005531,0.000886,0.000202,0.000087,0.005948,,,,,,,,,,,,,,,,,,,,,
48,550,train,0.004997,0.000767,0.000845,0.001113,0.011930,,,,,,,,,,,,,,,,,,,,,
48,600,train,0.004713,0.001192,0.001299,0.000703,0.002531,,,,,,,,,,,,,,,,,,,,,
48,end,val,,,,,,0.023365,0.079294,0.082708,0.066435,0.067825,0.478754,0.113672,0.116883,0.093615,0.095944,0.479151,0.693804,0.670987,0.758605,0.750835,0.064988,0.678200,0.640255,0.746959,0.737323,0.075744
49,50,train,0.005529,0.001123,0.000405,0.000040,0.001669,,,,,,,,,,,,,,,,,,,,,
49,100,train,0.005385,0.001319,0.000229,0.003284,0.008255,,,,,,,,,,,,,,,,,,,,,
49,150,train,0.005201,0.001248,0.000567,0.001519,0.005051,,,,,,,,,,,,,,,,,,,,,
49,200,train,0.006035,0.001205,0.000212,0.001782,0.012262,,,,,,,,,,,,,,,,,,,,,
49,250,train,0.004971,0.000633,0.000301,0.000812,0.002221,,,,,,,,,,,,,,,,,,,,,
49,300,train,0.005618,0.002244,0.000738,0.008914,0.007922,,,,,,,,,,,,,,,,,,,,,
49,350,train,0.006504,0.000584,0.000573,0.007212,0.006141,,,,,,,,,,,,,,,,,,,,,
49,400,train,0.005710,0.001070,0.000137,0.001023,0.013605,,,,,,,,,,,,,,,,,,,,,
49,450,train,0.006711,0.001055,0.000479,0.002668,0.023700,,,,,,,,,,,,,,,,,,,,,
49,500,train,0.006440,0.000441,0.000246,0.003377,0.007236,,,,,,,,,,,,,,,,,,,,,
49,550,train,0.005045,0.001460,0.000311,0.000720,0.001266,,,,,,,,,,,,,,,,,,,,,
49,600,train,0.006000,0.001019,0.000369,0.007011,0.009405,,,,,,,,,,,,,,,,,,,,,
49,end,val,,,,,,0.023007,0.078808,0.082439,0.065774,0.067099,0.479879,0.112058,0.116790,0.092383,0.094889,0.480280,0.701478,0.670894,0.765748,0.756715,0.073622,0.691731,0.643694,0.758583,0.750093,0.086593
50,50,train,0.006114,0.001599,0.000804,0.000150,0.001965,,,,,,,,,,,,,,,,,,,,,
50,100,train,0.005261,0.001615,0.000952,0.001199,0.006350,,,,,,,,,,,,,,,,,,,,,
50,150,train,0.005528,0.001023,0.000361,0.003868,0.007614,,,,,,,,,,,,,,,,,,,,,
50,200,train,0.004805,0.001608,0.000795,0.001222,0.009538,,,,,,,,,,,,,,,,,,,,,
50,250,train,0.005642,0.001495,0.000481,0.001289,0.006442,,,,,,,,,,,,,,,,,,,,,
50,300,train,0.005794,0.001064,0.001064,0.000796,0.016342,,,,,,,,,,,,,,,,,,,,,
50,350,train,0.005712,0.000843,0.000852,0.005583,0.004718,,,,,,,,,,,,,,,,,,,,,
50,400,train,0.005194,0.000524,0.000521,0.000404,0.009272,,,,,,,,,,,,,,,,,,,,,
50,450,train,0.005773,0.001592,0.000174,0.000708,0.001384,,,,,,,,,,,,,,,,,,,,,
50,500,train,0.005562,0.000905,0.000279,0.001932,0.015607,,,,,,,,,,,,,,,,,,,,,
50,550,train,0.006456,0.000917,0.000885,0.000011,0.001414,,,,,,,,,,,,,,,,,,,,,
50,600,train,0.005754,0.001283,0.000533,0.004713,0.011489,,,,,,,,,,,,,,,,,,,,,
50,end,val,,,,,,0.022732,0.078095,0.083287,0.065982,0.067604,0.479787,0.114440,0.119374,0.093621,0.096260,0.480173,0.694945,0.666255,0.762828,0.755359,0.086956,0.685165,0.640822,0.756018,0.744515,0.078398
51,50,train,0.005393,0.001127,0.000686,0.000269,0.003178,,,,,,,,,,,,,,,,,,,,,
51,100,train,0.004902,0.000980,0.000396,0.001650,0.002892,,,,,,,,,,,,,,,,,,,,,
51,150,train,0.005149,0.000879,0.000383,0.000099,0.001070,,,,,,,,,,,,,,,,,,,,,
51,200,train,0.006368,0.001666,0.001101,0.000014,0.002439,,,,,,,,,,,,,,,,,,,,,
51,250,train,0.005210,0.001916,0.000316,0.000554,0.003589,,,,,,,,,,,,,,,,,,,,,
51,300,train,0.005033,0.001243,0.000256,0.006627,0.009091,,,,,,,,,,,,,,,,,,,,,
51,350,train,0.004912,0.003940,0.000979,0.002315,0.013947,,,,,,,,,,,,,,,,,,,,,
51,400,train,0.005355,0.003881,0.000636,0.001437,0.010314,,,,,,,,,,,,,,,,,,,,,
51,450,train,0.004734,0.001214,0.000735,0.001923,0.005340,,,,,,,,,,,,,,,,,,,,,
51,500,train,0.005263,0.001012,0.000822,0.000471,0.002874,,,,,,,,,,,,,,,,,,,,,
51,550,train,0.004440,0.000582,0.000675,0.005879,0.003822,,,,,,,,,,,,,,,,,,,,,
51,600,train,0.006519,0.000913,0.000648,0.003960,0.021857,,,,,,,,,,,,,,,,,,,,,
51,end,val,,,,,,0.023319,0.081879,0.085805,0.063960,0.065778,0.480042,0.115698,0.121817,0.090767,0.093008,0.480435,0.701937,0.675402,0.771511,0.761550,0.085952,0.695242,0.655514,0.765349,0.756935,0.076554
52,50,train,0.005468,0.001690,0.000463,0.000206,0.001871,,,,,,,,,,,,,,,,,,,,,
52,100,train,0.004962,0.001936,0.000330,0.000161,0.003011,,,,,,,,,,,,,,,,,,,,,
52,150,train,0.005140,0.000653,0.000202,0.000875,0.010565,,,,,,,,,,,,,,,,,,,,,
52,200,train,0.005350,0.001198,0.000546,0.000410,0.003000,,,,,,,,,,,,,,,,,,,,,
52,250,train,0.005506,0.000988,0.000977,0.000153,0.005877,,,,,,,,,,,,,,,,,,,,,
52,300,train,0.005770,0.001596,0.000246,0.001488,0.012247,,,,,,,,,,,,,,,,,,,,,
52,350,train,0.005102,0.000800,0.000958,0.000430,0.009899,,,,,,,,,,,,,,,,,,,,,
52,400,train,0.005511,0.001712,0.000246,0.001559,0.009650,,,,,,,,,,,,,,,,,,,,,
52,450,train,0.005363,0.001188,0.000306,0.000236,0.002883,,,,,,,,,,,,,,,,,,,,,
52,500,train,0.005044,0.001384,0.000854,0.001297,0.005150,,,,,,,,,,,,,,,,,,,,,
52,550,train,0.005211,0.000758,0.000595,0.000278,0.007341,,,,,,,,,,,,,,,,,,,,,
52,600,train,0.004708,0.001596,0.000299,0.000834,0.015534,,,,,,,,,,,,,,,,,,,,,
52,end,val,,,,,,0.023010,0.078243,0.082673,0.065517,0.067272,0.475706,0.113629,0.118802,0.092942,0.095236,0.476090,0.696130,0.662858,0.764252,0.756243,0.111465,0.690428,0.645720,0.759712,0.747770,0.085369
53,50,train,0.005323,0.000660,0.000381,0.000009,0.000656,,,,,,,,,,,,,,,,,,,,,
53,100,train,0.004845,0.000734,0.000485,0.000152,0.004309,,,,,,,,,,,,,,,,,,,,,
53,150,train,0.004674,0.001500,0.000290,0.000097,0.001042,,,,,,,,,,,,,,,,,,,,,
53,200,train,0.005660,0.001156,0.000383,0.003767,0.031516,,,,,,,,,,,,,,,,,,,,,
53,250,train,0.005591,0.001227,0.000896,0.001670,0.008168,,,,,,,,,,,,,,,,,,,,,
53,300,train,0.005048,0.001119,0.000534,0.000014,0.001509,,,,,,,,,,,,,,,,,,,,,
53,350,train,0.004748,0.001604,0.000341,0.000027,0.000955,,,,,,,,,,,,,,,,,,,,,
53,400,train,0.004624,0.002111,0.000991,0.003218,0.012356,,,,,,,,,,,,,,,,,,,,,
53,450,train,0.004681,0.002277,0.000823,0.002907,0.003448,,,,,,,,,,,,,,,,,,,,,
53,500,train,0.005394,0.001416,0.000420,0.000119,0.002779,,,,,,,,,,,,,,,,,,,,,
53,550,train,0.004209,0.001508,0.000974,0.000222,0.002898,,,,,,,,,,,,,,,,,,,,,
53,600,train,0.005685,0.002074,0.000401,0.000979,0.007934,,,,,,,,,,,,,,,,,,,,,
53,end,val,,,,,,0.023438,0.078847,0.081871,0.065783,0.068253,0.476805,0.113555,0.117153,0.093284,0.096430,0.477194,0.695453,0.666758,0.763844,0.752031,0.096184,0.686731,0.647936,0.752714,0.736310,0.082878
54,50,train,0.004347,0.003126,0.000402,0.000876,0.009715,,,,,,,,,,,,,,,,,,,,,
54,100,train,0.005363,0.002378,0.000504,0.000517,0.003402,,,,,,,,,,,,,,,,,,,,,
54,150,train,0.005041,0.001080,0.001143,0.001764,0.015615,,,,,,,,,,,,,,,,,,,,,
54,200,train,0.005127,0.001474,0.000353,0.002029,0.007133,,,,,,,,,,,,,,,,,,,,,
54,250,train,0.004994,0.000997,0.000554,0.000780,0.004901,,,,,,,,,,,,,,,,,,,,,
54,300,train,0.004541,0.000477,0.000679,0.001605,0.006778,,,,,,,,,,,,,,,,,,,,,
54,350,train,0.004459,0.001470,0.000377,0.002050,0.003354,,,,,,,,,,,,,,,,,,,,,
54,400,train,0.005363,0.001018,0.000291,0.002751,0.001417,,,,,,,,,,,,,,,,,,,,,
54,450,train,0.004724,0.000871,0.000186,0.000004,0.001984,,,,,,,,,,,,,,,,,,,,,
54,500,train,0.006662,0.000992,0.000775,0.001749,0.005654,,,,,,,,,,,,,,,,,,,,,
54,550,train,0.004402,0.001724,0.000412,0.000898,0.020044,,,,,,,,,,,,,,,,,,,,,
54,600,train,0.005516,0.000663,0.000117,0.000268,0.004162,,,,,,,,,,,,,,,,,,,,,
54,end,val,,,,,,0.023406,0.081269,0.085510,0.065503,0.066929,0.480014,0.116126,0.121444,0.092391,0.094696,0.480396,0.698783,0.673056,0.763653,0.754472,0.073953,0.687864,0.654510,0.756666,0.744151,0.073032
55,50,train,0.004540,0.001266,0.000576,0.000820,0.003379,,,,,,,,,,,,,,,,,,,,,
55,100,train,0.004738,0.000837,0.000639,0.000294,0.001865,,,,,,,,,,,,,,,,,,,,,
55,150,train,0.004631,0.000949,0.001214,0.000309,0.004762,,,,,,,,,,,,,,,,,,,,,
55,200,train,0.005831,0.001526,0.000869,0.001271,0.002174,,,,,,,,,,,,,,,,,,,,,
55,250,train,0.004602,0.001729,0.000458,0.001056,0.009920,,,,,,,,,,,,,,,,,,,,,
55,300,train,0.005355,0.000736,0.000455,0.000548,0.002187,,,,,,,,,,,,,,,,,,,,,
55,350,train,0.005280,0.001944,0.000440,0.001339,0.009378,,,,,,,,,,,,,,,,,,,,,
55,400,train,0.004490,0.001087,0.000188,0.001285,0.009898,,,,,,,,,,,,,,,,,,,,,
55,450,train,0.005237,0.000999,0.000391,0.001754,0.005352,,,,,,,,,,,,,,,,,,,,,
55,500,train,0.005719,0.001622,0.000381,0.000257,0.002529,,,,,,,,,,,,,,,,,,,,,
55,550,train,0.005212,0.001159,0.000546,0.003994,0.005224,,,,,,,,,,,,,,,,,,,,,
55,600,train,0.004366,0.001012,0.000358,0.000405,0.003853,,,,,,,,,,,,,,,,,,,,,
55,end,val,,,,,,0.022733,0.078639,0.084312,0.066540,0.068527,0.481861,0.114993,0.122191,0.093880,0.096035,0.482255,0.695151,0.658472,0.759225,0.750510,0.114684,0.691184,0.647518,0.754862,0.741859,0.094873
56,50,train,0.004505,0.000802,0.000877,0.000754,0.001093,,,,,,,,,,,,,,,,,,,,,
56,100,train,0.005598,0.001400,0.000412,0.008701,0.023679,,,,,,,,,,,,,,,,,,,,,
56,150,train,0.004958,0.004208,0.000130,0.001197,0.007497,,,,,,,,,,,,,,,,,,,,,
56,200,train,0.005845,0.000294,0.000492,0.003219,0.010991,,,,,,,,,,,,,,,,,,,,,
56,250,train,0.005193,0.000923,0.000421,0.002969,0.005626,,,,,,,,,,,,,,,,,,,,,
56,300,train,0.004455,0.001809,0.000272,0.000489,0.005344,,,,,,,,,,,,,,,,,,,,,
56,350,train,0.004637,0.001263,0.000623,0.000297,0.002809,,,,,,,,,,,,,,,,,,,,,
56,400,train,0.005740,0.001542,0.000486,0.000121,0.001000,,,,,,,,,,,,,,,,,,,,,
56,450,train,0.004469,0.000900,0.000225,0.000318,0.004678,,,,,,,,,,,,,,,,,,,,,
56,500,train,0.005316,0.000992,0.000240,0.003223,0.002640,,,,,,,,,,,,,,,,,,,,,
56,550,train,0.004773,0.000778,0.000628,0.001434,0.005405,,,,,,,,,,,,,,,,,,,,,
56,600,train,0.003955,0.000916,0.000269,0.000018,0.001021,,,,,,,,,,,,,,,,,,,,,
56,end,val,,,,,,0.022943,0.078140,0.081496,0.065893,0.068541,0.481305,0.111658,0.116133,0.092485,0.095109,0.481692,0.698800,0.669600,0.764765,0.754340,0.096850,0.687604,0.646154,0.755743,0.740252,0.085910
57,50,train,0.004868,0.002927,0.000400,0.000723,0.003260,,,,,,,,,,,,,,,,,,,,,
57,100,train,0.004194,0.001384,0.000530,0.001464,0.008535,,,,,,,,,,,,,,,,,,,,,
57,150,train,0.004523,0.001637,0.000450,0.000787,0.003648,,,,,,,,,,,,,,,,,,,,,
57,200,train,0.005237,0.001176,0.000325,0.000794,0.008496,,,,,,,,,,,,,,,,,,,,,
57,250,train,0.004367,0.001613,0.000739,0.000096,0.002565,,,,,,,,,,,,,,,,,,,,,
57,300,train,0.004459,0.001350,0.000279,0.000102,0.002640,,,,,,,,,,,,,,,,,,,,,
57,350,train,0.004380,0.000680,0.000214,0.000893,0.014825,,,,,,,,,,,,,,,,,,,,,
57,400,train,0.004475,0.000709,0.000200,0.000042,0.001633,,,,,,,,,,,,,,,,,,,,,
57,450,train,0.005854,0.001047,0.000539,0.000246,0.007243,,,,,,,,,,,,,,,,,,,,,
57,500,train,0.004912,0.000448,0.000458,0.000168,0.000761,,,,,,,,,,,,,,,,,,,,,
57,550,train,0.005208,0.000883,0.000471,0.004803,0.004056,,,,,,,,,,,,,,,,,,,,,
57,600,train,0.004209,0.001527,0.000386,0.002698,0.007171,,,,,,,,,,,,,,,,,,,,,
57,end,val,,,,,,0.023030,0.077943,0.080828,0.065771,0.067748,0.481718,0.112276,0.115630,0.093726,0.096413,0.482107,0.698540,0.670269,0.761544,0.754322,0.071566,0.691102,0.652208,0.756521,0.747986,0.079666
58,50,train,0.004800,0.001784,0.000759,0.004686,0.008279,,,,,,,,,,,,,,,,,,,,,
58,100,train,0.004605,0.001053,0.000286,0.000010,0.000908,,,,,,,,,,,,,,,,,,,,,
58,150,train,0.004015,0.000419,0.000528,0.003010,0.003209,,,,,,,,,,,,,,,,,,,,,
58,200,train,0.005860,0.001044,0.000364,0.000019,0.003822,,,,,,,,,,,,,,,,,,,,,
58,250,train,0.004595,0.001026,0.000277,0.001637,0.014046,,,,,,,,,,,,,,,,,,,,,
58,300,train,0.004153,0.001160,0.000539,0.000189,0.001305,,,,,,,,,,,,,,,,,,,,,
58,350,train,0.004570,0.000841,0.000522,0.000971,0.004907,,,,,,,,,,,,,,,,,,,,,
58,400,train,0.004713,0.000714,0.000441,0.001343,0.006990,,,,,,,,,,,,,,,,,,,,,
58,450,train,0.004367,0.001145,0.000534,0.000057,0.004512,,,,,,,,,,,,,,,,,,,,,
58,500,train,0.004755,0.001043,0.000418,0.001647,0.003962,,,,,,,,,,,,,,,,,,,,,
58,550,train,0.005288,0.001304,0.001989,0.000206,0.001087,,,,,,,,,,,,,,,,,,,,,
58,600,train,0.004704,0.000767,0.000301,0.000812,0.004534,,,,,,,,,,,,,,,,,,,,,
58,end,val,,,,,,0.022900,0.077737,0.080910,0.066027,0.068247,0.481554,0.113027,0.117212,0.093899,0.096867,0.481936,0.693860,0.665372,0.763771,0.755044,0.093635,0.681715,0.648261,0.753845,0.739698,0.085254
59,50,train,0.004141,0.000601,0.000344,0.000447,0.002746,,,,,,,,,,,,,,,,,,,,,
59,100,train,0.004271,0.000791,0.000498,0.000162,0.005453,,,,,,,,,,,,,,,,,,,,,
59,150,train,0.004146,0.001474,0.000457,0.001017,0.002603,,,,,,,,,,,,,,,,,,,,,
59,200,train,0.005532,0.000977,0.000267,0.000688,0.004287,,,,,,,,,,,,,,,,,,,,,
59,250,train,0.004110,0.004858,0.001014,0.010784,0.014871,,,,,,,,,,,,,,,,,,,,,
59,300,train,0.004842,0.001877,0.000287,0.003982,0.005684,,,,,,,,,,,,,,,,,,,,,
59,350,train,0.004503,0.000851,0.000466,0.000036,0.001360,,,,,,,,,,,,,,,,,,,,,
59,400,train,0.005255,0.000484,0.000316,0.000040,0.002201,,,,,,,,,,,,,,,,,,,,,
59,450,train,0.004260,0.002116,0.000376,0.000294,0.001747,,,,,,,,,,,,,,,,,,,,,
59,500,train,0.004617,0.001349,0.000672,0.001273,0.005543,,,,,,,,,,,,,,,,,,,,,
59,550,train,0.004461,0.000805,0.000480,0.000160,0.011400,,,,,,,,,,,,,,,,,,,,,
59,600,train,0.003769,0.000986,0.000424,0.002492,0.003994,,,,,,,,,,,,,,,,,,,,,
59,end,val,,,,,,0.022818,0.078782,0.082954,0.065903,0.067921,0.479070,0.112350,0.117571,0.092978,0.095301,0.479465,0.701061,0.671299,0.764231,0.757062,0.105497,0.695841,0.652154,0.754202,0.747179,0.095860
60,50,train,0.004558,0.000860,0.000633,0.001057,0.008466,,,,,,,,,,,,,,,,,,,,,
60,100,train,0.004028,0.001090,0.000536,0.001806,0.006528,,,,,,,,,,,,,,,,,,,,,
60,150,train,0.004278,0.000915,0.000694,0.002903,0.004662,,,,,,,,,,,,,,,,,,,,,
60,200,train,0.004560,0.000565,0.000614,0.000194,0.001822,,,,,,,,,,,,,,,,,,,,,
60,250,train,0.004612,0.001000,0.000898,0.000291,0.005752,,,,,,,,,,,,,,,,,,,,,
60,300,train,0.004644,0.001810,0.000691,0.001577,0.013270,,,,,,,,,,,,,,,,,,,,,
60,350,train,0.004302,0.001208,0.000674,0.003853,0.008224,,,,,,,,,,,,,,,,,,,,,
60,400,train,0.004270,0.001039,0.000279,0.002623,0.003145,,,,,,,,,,,,,,,,,,,,,
60,450,train,0.004749,0.000938,0.000618,0.000301,0.004770,,,,,,,,,,,,,,,,,,,,,
60,500,train,0.004784,0.000637,0.000287,0.000719,0.006897,,,,,,,,,,,,,,,,,,,,,
60,550,train,0.004983,0.001060,0.000599,0.000758,0.004334,,,,,,,,,,,,,,,,,,,,,
60,600,train,0.004740,0.002094,0.000400,0.001449,0.009582,,,,,,,,,,,,,,,,,,,,,
60,end,val,,,,,,0.022587,0.077597,0.082027,0.067113,0.068694,0.478669,0.112480,0.118392,0.094975,0.096907,0.479068,0.703402,0.674074,0.756267,0.752445,0.106574,0.697347,0.660336,0.749517,0.747157,0.096622
61,50,train,0.004144,0.001659,0.000307,0.003329,0.003843,,,,,,,,,,,,,,,,,,,,,
61,100,train,0.005358,0.001147,0.000284,0.000166,0.002865,,,,,,,,,,,,,,,,,,,,,
61,150,train,0.004249,0.000382,0.000390,0.003116,0.013708,,,,,,,,,,,,,,,,,,,,,
61,200,train,0.003953,0.001936,0.000496,0.000680,0.001649,,,,,,,,,,,,,,,,,,,,,
61,250,train,0.005949,0.001047,0.000127,0.001208,0.018143,,,,,,,,,,,,,,,,,,,,,
61,300,train,0.004332,0.001440,0.000570,0.000030,0.001678,,,,,,,,,,,,,,,,,,,,,
61,350,train,0.004136,0.000913,0.000503,0.000359,0.010114,,,,,,,,,,,,,,,,,,,,,
61,400,train,0.003977,0.000620,0.001371,0.000094,0.001088,,,,,,,,,,,,,,,,,,,,,
61,450,train,0.003837,0.000464,0.000332,0.000824,0.003143,,,,,,,,,,,,,,,,,,,,,
61,500,train,0.004273,0.001386,0.000262,0.002153,0.009208,,,,,,,,,,,,,,,,,,,,,
61,550,train,0.004518,0.000956,0.000367,0.000192,0.013042,,,,,,,,,,,,,,,,,,,,,
61,600,train,0.004792,0.001006,0.000493,0.000465,0.007594,,,,,,,,,,,,,,,,,,,,,
61,end,val,,,,,,0.023007,0.078666,0.082381,0.065270,0.067029,0.481659,0.113302,0.117992,0.091809,0.094591,0.482057,0.708075,0.678404,0.767434,0.760716,0.115022,0.701536,0.662198,0.758518,0.754274,0.097736
62,50,train,0.004396,0.001372,0.000286,0.004131,0.004520,,,,,,,,,,,,,,,,,,,,,
62,100,train,0.004715,0.001269,0.000520,0.000097,0.004930,,,,,,,,,,,,,,,,,,,,,
62,150,train,0.004893,0.000542,0.000203,0.003310,0.005490,,,,,,,,,,,,,,,,,,,,,
62,200,train,0.004122,0.001724,0.000269,0.003036,0.011871,,,,,,,,,,,,,,,,,,,,,
62,250,train,0.004176,0.000943,0.000273,0.000219,0.002095,,,,,,,,,,,,,,,,,,,,,
62,300,train,0.005021,0.001318,0.000427,0.001500,0.011541,,,,,,,,,,,,,,,,,,,,,
62,350,train,0.003852,0.001500,0.000486,0.003891,0.009344,,,,,,,,,,,,,,,,,,,,,
62,400,train,0.005003,0.001504,0.000171,0.000504,0.010328,,,,,,,,,,,,,,,,,,,,,
62,450,train,0.003808,0.000712,0.001462,0.001575,0.003525,,,,,,,,,,,,,,,,,,,,,
62,500,train,0.004675,0.001461,0.000207,0.000159,0.002456,,,,,,,,,,,,,,,,,,,,,
62,550,train,0.003489,0.001135,0.000954,0.000338,0.002708,,,,,,,,,,,,,,,,,,,,,
62,600,train,0.005327,0.009399,0.000525,0.014250,0.017977,,,,,,,,,,,,,,,,,,,,,
62,end,val,,,,,,0.023198,0.080360,0.083875,0.067632,0.068733,0.483070,0.117764,0.121763,0.095420,0.097330,0.483457,0.692639,0.661851,0.761719,0.756193,0.093033,0.693793,0.656873,0.755295,0.747506,0.093808
63,50,train,0.005086,0.000819,0.000295,0.000071,0.003096,,,,,,,,,,,,,,,,,,,,,
63,100,train,0.004143,0.001072,0.000762,0.000002,0.000514,,,,,,,,,,,,,,,,,,,,,
63,150,train,0.004196,0.000663,0.000373,0.001000,0.006995,,,,,,,,,,,,,,,,,,,,,
63,200,train,0.004094,0.000913,0.000589,0.001007,0.007908,,,,,,,,,,,,,,,,,,,,,
63,250,train,0.004315,0.000502,0.001193,0.001308,0.004627,,,,,,,,,,,,,,,,,,,,,
63,300,train,0.004303,0.001736,0.000588,0.005734,0.020785,,,,,,,,,,,,,,,,,,,,,
63,350,train,0.004063,0.001157,0.000882,0.001262,0.005939,,,,,,,,,,,,,,,,,,,,,
63,400,train,0.004830,0.001291,0.000422,0.000523,0.005045,,,,,,,,,,,,,,,,,,,,,
63,450,train,0.005168,0.000931,0.000327,0.000599,0.004492,,,,,,,,,,,,,,,,,,,,,
63,500,train,0.003722,0.000970,0.000506,0.000015,0.000629,,,,,,,,,,,,,,,,,,,,,
63,550,train,0.003839,0.000773,0.000425,0.000453,0.003636,,,,,,,,,,,,,,,,,,,,,
63,600,train,0.004267,0.000793,0.000928,0.000024,0.000732,,,,,,,,,,,,,,,,,,,,,
63,end,val,,,,,,0.023235,0.081323,0.086479,0.068912,0.067847,0.485984,0.118438,0.124211,0.096743,0.095997,0.486368,0.700885,0.668466,0.771352,0.765147,0.111222,0.697134,0.658680,0.762712,0.755491,0.084623
64,50,train,0.004592,0.000590,0.000401,0.000539,0.007410,,,,,,,,,,,,,,,,,,,,,
64,100,train,0.003768,0.001106,0.000309,0.000322,0.012813,,,,,,,,,,,,,,,,,,,,,
64,150,train,0.004365,0.001011,0.000539,0.006473,0.009570,,,,,,,,,,,,,,,,,,,,,
64,200,train,0.004499,0.000864,0.000404,0.002660,0.005955,,,,,,,,,,,,,,,,,,,,,
64,250,train,0.004278,0.002084,0.000587,0.003960,0.010649,,,,,,,,,,,,,,,,,,,,,
64,300,train,0.003899,0.002339,0.000265,0.000705,0.010175,,,,,,,,,,,,,,,,,,,,,
64,350,train,0.004895,0.000921,0.000578,0.000892,0.005801,,,,,,,,,,,,,,,,,,,,,
64,400,train,0.003906,0.000923,0.000542,0.002231,0.015124,,,,,,,,,,,,,,,,,,,,,
64,450,train,0.004731,0.000840,0.000517,0.000004,0.001989,,,,,,,,,,,,,,,,,,,,,
64,500,train,0.003988,0.001931,0.000265,0.000011,0.000886,,,,,,,,,,,,,,,,,,,,,
64,550,train,0.004320,0.001526,0.000391,0.000847,0.008361,,,,,,,,,,,,,,,,,,,,,
64,600,train,0.004449,0.002227,0.000633,0.005932,0.014763,,,,,,,,,,,,,,,,,,,,,
64,end,val,,,,,,0.023571,0.079347,0.083325,0.066099,0.068340,0.482717,0.115387,0.119650,0.093741,0.096800,0.483113,0.689907,0.660194,0.756674,0.749918,0.085866,0.686563,0.644558,0.752616,0.744396,0.074294
65,50,train,0.004649,0.000763,0.000714,0.000164,0.002698,,,,,,,,,,,,,,,,,,,,,
65,100,train,0.003622,0.000929,0.000601,0.004640,0.005631,,,,,,,,,,,,,,,,,,,,,
65,150,train,0.004461,0.000684,0.000366,0.000049,0.000798,,,,,,,,,,,,,,,,,,,,,
65,200,train,0.003628,0.001287,0.000395,0.001531,0.002929,,,,,,,,,,,,,,,,,,,,,
65,250,train,0.004100,0.000628,0.000295,0.000135,0.002509,,,,,,,,,,,,,,,,,,,,,
65,300,train,0.004275,0.001341,0.000612,0.000258,0.003195,,,,,,,,,,,,,,,,,,,,,
65,350,train,0.003656,0.001814,0.000634,0.000031,0.008295,,,,,,,,,,,,,,,,,,,,,
65,400,train,0.004515,0.001999,0.000889,0.003541,0.011817,,,,,,,,,,,,,,,,,,,,,
65,450,train,0.003763,0.000957,0.000888,0.002931,0.010861,,,,,,,,,,,,,,,,,,,,,
65,500,train,0.004044,0.001239,0.000688,0.000550,0.006790,,,,,,,,,,,,,,,,,,,,,
65,550,train,0.003990,0.000994,0.000615,0.001020,0.017556,,,,,,,,,,,,,,,,,,,,,
65,600,train,0.004732,0.001429,0.000610,0.000278,0.008437,,,,,,,,,,,,,,,,,,,,,
65,end,val,,,,,,0.023662,0.084118,0.085389,0.069667,0.072783,0.484276,0.122310,0.122802,0.098891,0.103723,0.484663,0.697447,0.671426,0.758589,0.755701,0.072486,0.698704,0.660474,0.754596,0.751374,0.069395
66,50,train,0.003895,0.000647,0.000253,0.000409,0.001955,,,,,,,,,,,,,,,,,,,,,
66,100,train,0.004025,0.000641,0.000504,0.000017,0.000594,,,,,,,,,,,,,,,,,,,,,
66,150,train,0.003774,0.000846,0.000560,0.000001,0.000243,,,,,,,,,,,,,,,,,,,,,
66,200,train,0.003748,0.000746,0.000253,0.001158,0.002952,,,,,,,,,,,,,,,,,,,,,
66,250,train,0.003387,0.000963,0.000371,0.002393,0.007115,,,,,,,,,,,,,,,,,,,,,
66,300,train,0.003796,0.000312,0.000481,0.000860,0.006174,,,,,,,,,,,,,,,,,,,,,
66,350,train,0.004255,0.001493,0.000380,0.000927,0.009977,,,,,,,,,,,,,,,,,,,,,
66,400,train,0.004553,0.002181,0.000403,0.000070,0.006684,,,,,,,,,,,,,,,,,,,,,
66,450,train,0.004610,0.002394,0.000379,0.000864,0.001443,,,,,,,,,,,,,,,,,,,,,
66,500,train,0.004149,0.000846,0.000326,0.000164,0.002103,,,,,,,,,,,,,,,,,,,,,
66,550,train,0.004137,0.000454,0.001325,0.001240,0.010428,,,,,,,,,,,,,,,,,,,,,
66,600,train,0.004766,0.000437,0.000616,0.002617,0.004998,,,,,,,,,,,,,,,,,,,,,
66,end,val,,,,,,0.022769,0.077843,0.080362,0.066434,0.067970,0.485937,0.112525,0.116509,0.093573,0.095894,0.486319,0.699688,0.675425,0.756145,0.749489,0.103633,0.692195,0.655812,0.750562,0.744474,0.069191
67,50,train,0.004478,0.000941,0.000592,0.000167,0.004128,,,,,,,,,,,,,,,,,,,,,
67,100,train,0.004519,0.000986,0.000303,0.000006,0.000970,,,,,,,,,,,,,,,,,,,,,
67,150,train,0.004047,0.001373,0.000221,0.000003,0.000575,,,,,,,,,,,,,,,,,,,,,
67,200,train,0.004400,0.001252,0.000088,0.001096,0.007378,,,,,,,,,,,,,,,,,,,,,
67,250,train,0.003940,0.000915,0.000592,0.000796,0.004243,,,,,,,,,,,,,,,,,,,,,
67,300,train,0.003710,0.000701,0.000410,0.000003,0.000641,,,,,,,,,,,,,,,,,,,,,
67,350,train,0.004411,0.000606,0.000187,0.000455,0.002044,,,,,,,,,,,,,,,,,,,,,
67,400,train,0.004098,0.000961,0.000509,0.000883,0.007725,,,,,,,,,,,,,,,,,,,,,
67,450,train,0.004151,0.000776,0.000173,0.000541,0.005663,,,,,,,,,,,,,,,,,,,,,
67,500,train,0.003484,0.000654,0.000702,0.000523,0.002820,,,,,,,,,,,,,,,,,,,,,
67,550,train,0.004188,0.001465,0.000358,0.000540,0.003777,,,,,,,,,,,,,,,,,,,,,
67,600,train,0.003524,0.001975,0.000408,0.002033,0.004610,,,,,,,,,,,,,,,,,,,,,
67,end,val,,,,,,0.023247,0.078712,0.082652,0.067793,0.069446,0.484902,0.114815,0.120067,0.095329,0.097552,0.485292,0.693595,0.665469,0.751514,0.747000,0.088849,0.688937,0.650581,0.746291,0.742103,0.072731
68,50,train,0.004798,0.001581,0.000223,0.003720,0.004158,,,,,,,,,,,,,,,,,,,,,
68,100,train,0.003927,0.002470,0.000291,0.000265,0.003677,,,,,,,,,,,,,,,,,,,,,
68,150,train,0.004334,0.001322,0.000487,0.000315,0.001348,,,,,,,,,,,,,,,,,,,,,
68,200,train,0.004030,0.000684,0.000397,0.000682,0.002608,,,,,,,,,,,,,,,,,,,,,
68,250,train,0.004214,0.000984,0.000248,0.000046,0.000356,,,,,,,,,,,,,,,,,,,,,
68,300,train,0.004010,0.000578,0.000333,0.000071,0.001777,,,,,,,,,,,,,,,,,,,,,
68,350,train,0.003401,0.001204,0.000948,0.000411,0.002683,,,,,,,,,,,,,,,,,,,,,
68,400,train,0.003754,0.001029,0.000515,0.000961,0.008713,,,,,,,,,,,,,,,,,,,,,
68,450,train,0.003506,0.001027,0.000543,0.000258,0.003073,,,,,,,,,,,,,,,,,,,,,
68,500,train,0.003059,0.001392,0.000563,0.005642,0.007521,,,,,,,,,,,,,,,,,,,,,
68,550,train,0.004385,0.000660,0.001046,0.005891,0.005053,,,,,,,,,,,,,,,,,,,,,
68,600,train,0.003503,0.001331,0.000211,0.000151,0.004521,,,,,,,,,,,,,,,,,,,,,
68,end,val,,,,,,0.022863,0.078138,0.081388,0.068462,0.069799,0.486246,0.112165,0.117906,0.095203,0.096448,0.486640,0.699627,0.670620,0.749580,0.742927,0.088184,0.693314,0.652701,0.748220,0.742319,0.070842
69,50,train,0.004930,0.000712,0.000145,0.000217,0.005590,,,,,,,,,,,,,,,,,,,,,
69,100,train,0.003774,0.001439,0.000879,0.000126,0.001840,,,,,,,,,,,,,,,,,,,,,
69,150,train,0.004026,0.001035,0.000694,0.000145,0.003023,,,,,,,,,,,,,,,,,,,,,
69,200,train,0.003617,0.001138,0.000500,0.000005,0.005217,,,,,,,,,,,,,,,,,,,,,
69,250,train,0.004009,0.000987,0.000447,0.001180,0.007622,,,,,,,,,,,,,,,,,,,,,
69,300,train,0.004676,0.001019,0.000321,0.000141,0.002560,,,,,,,,,,,,,,,,,,,,,
69,350,train,0.003888,0.000715,0.000288,0.001602,0.010500,,,,,,,,,,,,,,,,,,,,,
69,400,train,0.004321,0.001074,0.000651,0.003120,0.004271,,,,,,,,,,,,,,,,,,,,,
69,450,train,0.004107,0.000883,0.000377,0.000065,0.002764,,,,,,,,,,,,,,,,,,,,,
69,500,train,0.004133,0.000547,0.000131,0.001036,0.007511,,,,,,,,,,,,,,,,,,,,,
69,550,train,0.003297,0.002038,0.000376,0.001975,0.007168,,,,,,,,,,,,,,,,,,,,,
69,600,train,0.003482,0.000964,0.000411,0.001268,0.010035,,,,,,,,,,,,,,,,,,,,,
69,end,val,,,,,,0.022762,0.077324,0.080848,0.068723,0.069369,0.486701,0.111966,0.117147,0.094822,0.095892,0.487091,0.701891,0.671184,0.753929,0.747450,0.091274,0.695443,0.649613,0.748683,0.744514,0.072716
70,50,train,0.003854,0.000770,0.000367,0.000393,0.005814,,,,,,,,,,,,,,,,,,,,,
70,100,train,0.003909,0.000944,0.000372,0.000164,0.003510,,,,,,,,,,,,,,,,,,,,,
70,150,train,0.003624,0.000842,0.001368,0.000413,0.005748,,,,,,,,,,,,,,,,,,,,,
70,200,train,0.003341,0.000643,0.000431,0.000893,0.004751,,,,,,,,,,,,,,,,,,,,,
70,250,train,0.003414,0.001184,0.000440,0.001142,0.002287,,,,,,,,,,,,,,,,,,,,,
70,300,train,0.004242,0.000559,0.000260,0.000122,0.002566,,,,,,,,,,,,,,,,,,,,,
70,350,train,0.003403,0.001773,0.001040,0.000210,0.004226,,,,,,,,,,,,,,,,,,,,,
70,400,train,0.003913,0.000723,0.000308,0.000456,0.006431,,,,,,,,,,,,,,,,,,,,,
70,450,train,0.004350,0.002236,0.000379,0.000335,0.002298,,,,,,,,,,,,,,,,,,,,,
70,500,train,0.003445,0.001341,0.000234,0.000949,0.004470,,,,,,,,,,,,,,,,,,,,,
70,550,train,0.003733,0.000993,0.000484,0.000864,0.004166,,,,,,,,,,,,,,,,,,,,,
70,600,train,0.003408,0.001044,0.000240,0.004690,0.013684,,,,,,,,,,,,,,,,,,,,,
70,end,val,,,,,,0.023152,0.081693,0.085847,0.066462,0.067289,0.483264,0.118999,0.122877,0.094406,0.095858,0.483649,0.703271,0.675032,0.765173,0.759655,0.086370,0.694609,0.655704,0.753777,0.747405,0.063756
71,50,train,0.003559,0.000915,0.000191,0.000927,0.007971,,,,,,,,,,,,,,,,,,,,,
71,100,train,0.003834,0.000696,0.000664,0.003894,0.005107,,,,,,,,,,,,,,,,,,,,,
71,150,train,0.003687,0.001574,0.000363,0.001946,0.010293,,,,,,,,,,,,,,,,,,,,,
71,200,train,0.004608,0.002210,0.000432,0.014184,0.003647,,,,,,,,,,,,,,,,,,,,,
71,250,train,0.003385,0.000581,0.000900,0.000801,0.004703,,,,,,,,,,,,,,,,,,,,,
71,300,train,0.004405,0.000554,0.000263,0.000236,0.007702,,,,,,,,,,,,,,,,,,,,,
71,350,train,0.003551,0.001075,0.000490,0.000036,0.005625,,,,,,,,,,,,,,,,,,,,,
71,400,train,0.003745,0.006278,0.000230,0.005500,0.008034,,,,,,,,,,,,,,,,,,,,,
71,450,train,0.004210,0.000771,0.000446,0.001334,0.004579,,,,,,,,,,,,,,,,,,,,,
71,500,train,0.004823,0.000855,0.000703,0.000756,0.002762,,,,,,,,,,,,,,,,,,,,,
71,550,train,0.004215,0.000977,0.000235,0.000254,0.004668,,,,,,,,,,,,,,,,,,,,,
71,600,train,0.003910,0.001060,0.000196,0.000158,0.002871,,,,,,,,,,,,,,,,,,,,,
71,end,val,,,,,,0.023040,0.079633,0.081857,0.068000,0.069877,0.487148,0.112738,0.116685,0.095170,0.097461,0.487541,0.695344,0.671305,0.747139,0.738004,0.064390,0.685419,0.648949,0.740329,0.733256,0.052185
72,50,train,0.004380,0.001684,0.000400,0.000201,0.000844,,,,,,,,,,,,,,,,,,,,,
72,100,train,0.003994,0.000830,0.000721,0.001037,0.008671,,,,,,,,,,,,,,,,,,,,,
72,150,train,0.003752,0.001798,0.000383,0.000276,0.003478,,,,,,,,,,,,,,,,,,,,,
72,200,train,0.003632,0.000577,0.000343,0.000969,0.006147,,,,,,,,,,,,,,,,,,,,,
72,250,train,0.003631,0.001605,0.000810,0.001101,0.004790,,,,,,,,,,,,,,,,,,,,,
72,300,train,0.003454,0.000602,0.000275,0.000005,0.001423,,,,,,,,,,,,,,,,,,,,,
72,350,train,0.003678,0.001051,0.000567,0.000159,0.003095,,,,,,,,,,,,,,,,,,,,,
72,400,train,0.003303,0.001768,0.000135,0.000056,0.002266,,,,,,,,,,,,,,,,,,,,,
72,450,train,0.004018,0.001412,0.000314,0.000045,0.000562,,,,,,,,,,,,,,,,,,,,,
72,500,train,0.003333,0.001195,0.000779,0.000068,0.007784,,,,,,,,,,,,,,,,,,,,,
72,550,train,0.003788,0.001003,0.000293,0.000248,0.001463,,,,,,,,,,,,,,,,,,,,,
72,600,train,0.003783,0.000909,0.000118,0.001723,0.004426,,,,,,,,,,,,,,,,,,,,,
72,end,val,,,,,,0.023121,0.077882,0.080426,0.067802,0.068560,0.485675,0.112967,0.115553,0.096614,0.097651,0.486067,0.699657,0.674030,0.753453,0.748057,0.075301,0.695147,0.652828,0.751831,0.746218,0.060166
73,50,train,0.003159,0.001624,0.000700,0.001311,0.004321,,,,,,,,,,,,,,,,,,,,,
73,100,train,0.003103,0.001067,0.000129,0.000574,0.006676,,,,,,,,,,,,,,,,,,,,,
73,150,train,0.003509,0.001528,0.000313,0.000773,0.002615,,,,,,,,,,,,,,,,,,,,,
73,200,train,0.003541,0.002311,0.000202,0.000475,0.003147,,,,,,,,,,,,,,,,,,,,,
73,250,train,0.003509,0.001157,0.000298,0.003833,0.005489,,,,,,,,,,,,,,,,,,,,,
73,300,train,0.003655,0.001045,0.000453,0.000794,0.005051,,,,,,,,,,,,,,,,,,,,,
73,350,train,0.003882,0.002388,0.000629,0.001938,0.012657,,,,,,,,,,,,,,,,,,,,,
73,400,train,0.003633,0.002651,0.000763,0.002567,0.008223,,,,,,,,,,,,,,,,,,,,,
73,450,train,0.004056,0.001239,0.000779,0.001018,0.005270,,,,,,,,,,,,,,,,,,,,,
73,500,train,0.003722,0.001080,0.000653,0.000154,0.000805,,,,,,,,,,,,,,,,,,,,,
73,550,train,0.003454,0.001308,0.000689,0.000464,0.001814,,,,,,,,,,,,,,,,,,,,,
73,600,train,0.003593,0.001549,0.000344,0.001243,0.004493,,,,,,,,,,,,,,,,,,,,,
73,end,val,,,,,,0.022985,0.077667,0.080859,0.069046,0.070177,0.486791,0.113802,0.117138,0.098583,0.100188,0.487181,0.695557,0.666671,0.748050,0.745671,0.069247,0.695260,0.648635,0.744661,0.742501,0.056359
74,50,train,0.003230,0.000806,0.000281,0.000145,0.002685,,,,,,,,,,,,,,,,,,,,,
74,100,train,0.003188,0.000531,0.000489,0.001793,0.005750,,,,,,,,,,,,,,,,,,,,,
74,150,train,0.003353,0.000690,0.000558,0.000219,0.001024,,,,,,,,,,,,,,,,,,,,,
74,200,train,0.003058,0.000794,0.000691,0.000278,0.002779,,,,,,,,,,,,,,,,,,,,,
74,250,train,0.003288,0.000858,0.000328,0.000877,0.005527,,,,,,,,,,,,,,,,,,,,,
74,300,train,0.003454,0.001785,0.000585,0.001154,0.006917,,,,,,,,,,,,,,,,,,,,,
74,350,train,0.005110,0.000399,0.000443,0.000024,0.001369,,,,,,,,,,,,,,,,,,,,,
74,400,train,0.003802,0.001162,0.000199,0.000289,0.005402,,,,,,,,,,,,,,,,,,,,,
74,450,train,0.002944,0.000837,0.000294,0.000094,0.000820,,,,,,,,,,,,,,,,,,,,,
74,500,train,0.003743,0.001165,0.000382,0.001625,0.004498,,,,,,,,,,,,,,,,,,,,,
74,550,train,0.003637,0.000626,0.000522,0.000147,0.002353,,,,,,,,,,,,,,,,,,,,,
74,600,train,0.004139,0.000447,0.000575,0.002023,0.005825,,,,,,,,,,,,,,,,,,,,,
74,end,val,,,,,,0.023182,0.078112,0.081162,0.067261,0.069053,0.486388,0.111364,0.115539,0.094534,0.095822,0.486781,0.699093,0.670275,0.749989,0.745885,0.075544,0.697200,0.650189,0.743668,0.743639,0.062155
75,50,train,0.003750,0.001281,0.000646,0.000305,0.001976,,,,,,,,,,,,,,,,,,,,,
75,100,train,0.004150,0.002216,0.000216,0.013389,0.005653,,,,,,,,,,,,,,,,,,,,,
75,150,train,0.004977,0.000772,0.000066,0.000741,0.001664,,,,,,,,,,,,,,,,,,,,,
75,200,train,0.003890,0.001878,0.000520,0.002517,0.002509,,,,,,,,,,,,,,,,,,,,,
75,250,train,0.003645,0.000954,0.000516,0.000020,0.002667,,,,,,,,,,,,,,,,,,,,,
75,300,train,0.003024,0.001212,0.000418,0.000016,0.001319,,,,,,,,,,,,,,,,,,,,,
75,350,train,0.004452,0.001364,0.000222,0.001033,0.007896,,,,,,,,,,,,,,,,,,,,,
75,400,train,0.004251,0.000505,0.000417,0.001741,0.004133,,,,,,,,,,,,,,,,,,,,,
75,450,train,0.003503,0.000968,0.000213,0.000141,0.002539,,,,,,,,,,,,,,,,,,,,,
75,500,train,0.002852,0.001286,0.000210,0.006399,0.006353,,,,,,,,,,,,,,,,,,,,,
75,550,train,0.003144,0.001521,0.001046,0.000081,0.004271,,,,,,,,,,,,,,,,,,,,,
75,600,train,0.003464,0.001550,0.000545,0.000478,0.006755,,,,,,,,,,,,,,,,,,,,,
75,end,val,,,,,,0.023037,0.078679,0.081309,0.066668,0.068264,0.488633,0.112133,0.116362,0.093077,0.094740,0.489024,0.698568,0.672407,0.757582,0.751305,0.078397,0.693161,0.651935,0.745770,0.744190,0.069288
76,50,train,0.003430,0.001054,0.000572,0.000029,0.001206,,,,,,,,,,,,,,,,,,,,,
76,100,train,0.003712,0.001377,0.001156,0.000561,0.007445,,,,,,,,,,,,,,,,,,,,,
76,150,train,0.004405,0.001083,0.000975,0.000021,0.004197,,,,,,,,,,,,,,,,,,,,,
76,200,train,0.003298,0.001378,0.000297,0.001338,0.004014,,,,,,,,,,,,,,,,,,,,,
76,250,train,0.003168,0.000593,0.000792,0.000002,0.000429,,,,,,,,,,,,,,,,,,,,,
76,300,train,0.003739,0.000972,0.000173,0.000002,0.000922,,,,,,,,,,,,,,,,,,,,,
76,350,train,0.003759,0.000336,0.000477,0.003677,0.006171,,,,,,,,,,,,,,,,,,,,,
76,400,train,0.003747,0.000920,0.000185,0.000628,0.001520,,,,,,,,,,,,,,,,,,,,,
76,450,train,0.003508,0.000861,0.000361,0.000247,0.003953,,,,,,,,,,,,,,,,,,,,,
76,500,train,0.003993,0.001520,0.000336,0.004052,0.003628,,,,,,,,,,,,,,,,,,,,,
76,550,train,0.003441,0.000901,0.000620,0.001067,0.002280,,,,,,,,,,,,,,,,,,,,,
76,600,train,0.003180,0.001099,0.000562,0.000234,0.002315,,,,,,,,,,,,,,,,,,,,,
76,end,val,,,,,,0.023178,0.078447,0.081117,0.066700,0.067726,0.487690,0.114222,0.118072,0.094463,0.096584,0.488078,0.696352,0.665975,0.754475,0.750228,0.080240,0.694785,0.650247,0.747967,0.743729,0.068214
77,50,train,0.002756,0.000652,0.000267,0.000065,0.001152,,,,,,,,,,,,,,,,,,,,,
77,100,train,0.003464,0.001164,0.000249,0.000255,0.000956,,,,,,,,,,,,,,,,,,,,,
77,150,train,0.003253,0.000431,0.000141,0.000947,0.004030,,,,,,,,,,,,,,,,,,,,,
77,200,train,0.003850,0.000975,0.000162,0.001064,0.002850,,,,,,,,,,,,,,,,,,,,,
77,250,train,0.003609,0.000989,0.000123,0.000361,0.001276,,,,,,,,,,,,,,,,,,,,,
77,300,train,0.003271,0.000896,0.000267,0.006063,0.006952,,,,,,,,,,,,,,,,,,,,,
77,350,train,0.003720,0.000536,0.000225,0.000571,0.005147,,,,,,,,,,,,,,,,,,,,,
77,400,train,0.003202,0.001632,0.000781,0.000184,0.001604,,,,,,,,,,,,,,,,,,,,,
77,450,train,0.003649,0.001618,0.000955,0.007209,0.019674,,,,,,,,,,,,,,,,,,,,,
77,500,train,0.003497,0.001407,0.000766,0.000001,0.002050,,,,,,,,,,,,,,,,,,,,,
77,550,train,0.003651,0.000517,0.000199,0.000052,0.003662,,,,,,,,,,,,,,,,,,,,,
77,600,train,0.003339,0.000411,0.000133,0.000013,0.002774,,,,,,,,,,,,,,,,,,,,,
77,end,val,,,,,,0.022893,0.077308,0.080271,0.066554,0.066642,0.488613,0.111884,0.115409,0.093618,0.094381,0.488998,0.711475,0.682764,0.765736,0.762432,0.120746,0.705586,0.661164,0.754503,0.755134,0.079281
78,50,train,0.003490,0.000946,0.000063,0.001378,0.010186,,,,,,,,,,,,,,,,,,,,,
78,100,train,0.003610,0.000621,0.000429,0.003000,0.001105,,,,,,,,,,,,,,,,,,,,,
78,150,train,0.003678,0.001041,0.000381,0.000316,0.002718,,,,,,,,,,,,,,,,,,,,,
78,200,train,0.003611,0.001808,0.000254,0.000848,0.002476,,,,,,,,,,,,,,,,,,,,,
78,250,train,0.002952,0.000424,0.000385,0.000198,0.001705,,,,,,,,,,,,,,,,,,,,,
78,300,train,0.003159,0.000892,0.000487,0.000029,0.003553,,,,,,,,,,,,,,,,,,,,,
78,350,train,0.003463,0.001022,0.000296,0.001591,0.001569,,,,,,,,,,,,,,,,,,,,,
78,400,train,0.003450,0.000945,0.000164,0.000291,0.011002,,,,,,,,,,,,,,,,,,,,,
78,450,train,0.003125,0.001159,0.000716,0.000555,0.002656,,,,,,,,,,,,,,,,,,,,,
78,500,train,0.003287,0.000719,0.000352,0.000015,0.003034,,,,,,,,,,,,,,,,,,,,,
78,550,train,0.004312,0.000569,0.000474,0.000439,0.005448,,,,,,,,,,,,,,,,,,,,,
78,600,train,0.003410,0.001111,0.000299,0.001009,0.003636,,,,,,,,,,,,,,,,,,,,,
78,end,val,,,,,,0.022820,0.079783,0.082903,0.067647,0.069286,0.488626,0.115463,0.119292,0.094478,0.097753,0.489018,0.704148,0.674304,0.760766,0.755527,0.105258,0.693692,0.650367,0.745069,0.743402,0.069053
79,50,train,0.003092,0.000778,0.000406,0.000286,0.003718,,,,,,,,,,,,,,,,,,,,,
79,100,train,0.003518,0.000706,0.000140,0.000784,0.001743,,,,,,,,,,,,,,,,,,,,,
79,150,train,0.003614,0.000460,0.000337,0.000732,0.002338,,,,,,,,,,,,,,,,,,,,,
79,200,train,0.003438,0.001881,0.000399,0.001538,0.004123,,,,,,,,,,,,,,,,,,,,,
79,250,train,0.003674,0.001812,0.000185,0.000205,0.006945,,,,,,,,,,,,,,,,,,,,,
79,300,train,0.003401,0.000704,0.000233,0.000070,0.004575,,,,,,,,,,,,,,,,,,,,,
79,350,train,0.003234,0.000445,0.000659,0.000001,0.000675,,,,,,,,,,,,,,,,,,,,,
79,400,train,0.003316,0.000568,0.000302,0.000126,0.001898,,,,,,,,,,,,,,,,,,,,,
79,450,train,0.003171,0.001191,0.000883,0.002217,0.014633,,,,,,,,,,,,,,,,,,,,,
79,500,train,0.003195,0.000474,0.000231,0.000195,0.002235,,,,,,,,,,,,,,,,,,,,,
79,550,train,0.003144,0.000804,0.000531,0.000533,0.002506,,,,,,,,,,,,,,,,,,,,,
79,600,train,0.003538,0.000534,0.000312,0.000025,0.001348,,,,,,,,,,,,,,,,,,,,,
79,end,val,,,,,,0.023178,0.079672,0.082212,0.068522,0.069710,0.489023,0.115240,0.118892,0.096948,0.098330,0.489412,0.700952,0.670377,0.753322,0.749413,0.094040,0.695396,0.654436,0.742930,0.741741,0.071100
80,50,train,0.003638,0.000796,0.000874,0.000227,0.002017,,,,,,,,,,,,,,,,,,,,,
80,100,train,0.003272,0.003672,0.000378,0.001282,0.009770,,,,,,,,,,,,,,,,,,,,,
80,150,train,0.003421,0.000391,0.000359,0.001259,0.003594,,,,,,,,,,,,,,,,,,,,,
80,200,train,0.004095,0.001358,0.000357,0.011913,0.005031,,,,,,,,,,,,,,,,,,,,,
80,250,train,0.003698,0.000628,0.001040,0.000950,0.006503,,,,,,,,,,,,,,,,,,,,,
80,300,train,0.003379,0.000829,0.000368,0.001001,0.005843,,,,,,,,,,,,,,,,,,,,,
80,350,train,0.002916,0.000271,0.000166,0.000002,0.001410,,,,,,,,,,,,,,,,,,,,,
80,400,train,0.003642,0.001086,0.000187,0.006742,0.006442,,,,,,,,,,,,,,,,,,,,,
80,450,train,0.003060,0.000895,0.000811,0.000974,0.004663,,,,,,,,,,,,,,,,,,,,,
80,500,train,0.003408,0.001403,0.000632,0.006843,0.010353,,,,,,,,,,,,,,,,,,,,,
80,550,train,0.003041,0.000542,0.000535,0.000003,0.001082,,,,,,,,,,,,,,,,,,,,,
80,600,train,0.003322,0.002169,0.000573,0.000225,0.009182,,,,,,,,,,,,,,,,,,,,,
80,end,val,,,,,,0.022838,0.080259,0.083196,0.066832,0.067679,0.488621,0.115432,0.119155,0.093450,0.095171,0.489012,0.705269,0.672930,0.764615,0.759580,0.129703,0.699643,0.654076,0.755256,0.752187,0.087338
81,50,train,0.003129,0.000865,0.000412,0.000447,0.008633,,,,,,,,,,,,,,,,,,,,,
81,100,train,0.003640,0.000597,0.000282,0.007027,0.004150,,,,,,,,,,,,,,,,,,,,,
81,150,train,0.003156,0.000665,0.000099,0.000357,0.001549,,,,,,,,,,,,,,,,,,,,,
81,200,train,0.003182,0.001064,0.000208,0.000008,0.001916,,,,,,,,,,,,,,,,,,,,,
81,250,train,0.004299,0.000990,0.000491,0.000177,0.002126,,,,,,,,,,,,,,,,,,,,,
81,300,train,0.003598,0.000813,0.000407,0.005234,0.015734,,,,,,,,,,,,,,,,,,,,,
81,350,train,0.003761,0.000537,0.000383,0.000025,0.002144,,,,,,,,,,,,,,,,,,,,,
81,400,train,0.003087,0.000959,0.000096,0.000004,0.000370,,,,,,,,,,,,,,,,,,,,,
81,450,train,0.004311,0.000676,0.000435,0.000666,0.002115,,,,,,,,,,,,,,,,,,,,,
81,500,train,0.003263,0.000470,0.000206,0.000083,0.003063,,,,,,,,,,,,,,,,,,,,,
81,550,train,0.003281,0.000734,0.000373,0.000276,0.005320,,,,,,,,,,,,,,,,,,,,,
81,600,train,0.003765,0.000983,0.000879,0.001347,0.004018,,,,,,,,,,,,,,,,,,,,,
81,end,val,,,,,,0.023143,0.078659,0.082077,0.067475,0.069306,0.488300,0.113950,0.118319,0.095952,0.098842,0.488694,0.694513,0.665274,0.757297,0.750322,0.099379,0.687480,0.645377,0.746235,0.743689,0.069365
82,50,train,0.003211,0.001204,0.000092,0.000137,0.002743,,,,,,,,,,,,,,,,,,,,,
82,100,train,0.002961,0.000399,0.000235,0.000888,0.002542,,,,,,,,,,,,,,,,,,,,,
82,150,train,0.002685,0.000458,0.000286,0.001548,0.006178,,,,,,,,,,,,,,,,,,,,,
82,200,train,0.003718,0.000565,0.000394,0.000003,0.000435,,,,,,,,,,,,,,,,,,,,,
82,250,train,0.003757,0.000410,0.000711,0.000520,0.002129,,,,,,,,,,,,,,,,,,,,,
82,300,train,0.003392,0.001440,0.000240,0.001178,0.003513,,,,,,,,,,,,,,,,,,,,,
82,350,train,0.002944,0.001567,0.000204,0.000005,0.000591,,,,,,,,,,,,,,,,,,,,,
82,400,train,0.003151,0.001441,0.000142,0.000433,0.003452,,,,,,,,,,,,,,,,,,,,,
82,450,train,0.002822,0.000510,0.000149,0.000508,0.003639,,,,,,,,,,,,,,,,,,,,,
82,500,train,0.003124,0.000530,0.000358,0.004783,0.005582,,,,,,,,,,,,,,,,,,,,,
82,550,train,0.003030,0.001544,0.000650,0.000315,0.003579,,,,,,,,,,,,,,,,,,,,,
82,600,train,0.002986,0.000591,0.000164,0.000106,0.002184,,,,,,,,,,,,,,,,,,,,,
82,end,val,,,,,,0.023049,0.078453,0.081429,0.066819,0.068803,0.489652,0.111903,0.116606,0.094073,0.095785,0.490044,0.701021,0.674883,0.757229,0.748444,0.127522,0.692921,0.649499,0.749435,0.745007,0.078724
83,50,train,0.003395,0.001089,0.000395,0.000282,0.005059,,,,,,,,,,,,,,,,,,,,,
83,100,train,0.003634,0.000959,0.000657,0.001108,0.008447,,,,,,,,,,,,,,,,,,,,,
83,150,train,0.003186,0.001679,0.000347,0.001476,0.002029,,,,,,,,,,,,,,,,,,,,,
83,200,train,0.003979,0.000946,0.000563,0.000997,0.019359,,,,,,,,,,,,,,,,,,,,,
83,250,train,0.003128,0.000367,0.000733,0.000051,0.002059,,,,,,,,,,,,,,,,,,,,,
83,300,train,0.003337,0.000799,0.000697,0.005004,0.018124,,,,,,,,,,,,,,,,,,,,,
83,350,train,0.002906,0.000725,0.000125,0.000293,0.001179,,,,,,,,,,,,,,,,,,,,,
83,400,train,0.003278,0.000592,0.000128,0.000240,0.004142,,,,,,,,,,,,,,,,,,,,,
83,450,train,0.003546,0.000515,0.000410,0.000287,0.005113,,,,,,,,,,,,,,,,,,,,,
83,500,train,0.003097,0.000917,0.000531,0.000121,0.006025,,,,,,,,,,,,,,,,,,,,,
83,550,train,0.003064,0.000630,0.000263,0.000830,0.006113,,,,,,,,,,,,,,,,,,,,,
83,600,train,0.003370,0.000601,0.000486,0.000015,0.003044,,,,,,,,,,,,,,,,,,,,,
83,end,val,,,,,,0.023098,0.079512,0.084385,0.067676,0.069190,0.488327,0.115596,0.121474,0.094942,0.096588,0.488724,0.696573,0.662604,0.754618,0.747005,0.112376,0.690061,0.642968,0.742806,0.740101,0.069045
84,50,train,0.003823,0.000618,0.000276,0.001053,0.009223,,,,,,,,,,,,,,,,,,,,,
84,100,train,0.003054,0.000621,0.000253,0.000001,0.002347,,,,,,,,,,,,,,,,,,,,,
84,150,train,0.003466,0.001465,0.000258,0.000343,0.005606,,,,,,,,,,,,,,,,,,,,,
84,200,train,0.003012,0.000943,0.000312,0.000237,0.002752,,,,,,,,,,,,,,,,,,,,,
84,250,train,0.003407,0.001871,0.001151,0.000972,0.008598,,,,,,,,,,,,,,,,,,,,,
84,300,train,0.002983,0.001178,0.000391,0.002755,0.001050,,,,,,,,,,,,,,,,,,,,,
84,350,train,0.002455,0.000987,0.000379,0.000780,0.001940,,,,,,,,,,,,,,,,,,,,,
84,400,train,0.003153,0.001675,0.000143,0.000791,0.002844,,,,,,,,,,,,,,,,,,,,,
84,450,train,0.003387,0.000520,0.000278,0.000240,0.005096,,,,,,,,,,,,,,,,,,,,,
84,500,train,0.002703,0.000685,0.000240,0.000175,0.003202,,,,,,,,,,,,,,,,,,,,,
84,550,train,0.002990,0.002047,0.000736,0.000076,0.001762,,,,,,,,,,,,,,,,,,,,,
84,600,train,0.003352,0.001956,0.000463,0.001301,0.003653,,,,,,,,,,,,,,,,,,,,,
84,end,val,,,,,,0.023086,0.078206,0.081812,0.067048,0.069019,0.488224,0.110784,0.115345,0.094043,0.096124,0.488620,0.700907,0.668710,0.756199,0.746855,0.097704,0.691987,0.640437,0.743060,0.737919,0.071817
85,50,train,0.003366,0.000510,0.000622,0.000473,0.001457,,,,,,,,,,,,,,,,,,,,,
85,100,train,0.003116,0.000826,0.000458,0.004503,0.005130,,,,,,,,,,,,,,,,,,,,,
85,150,train,0.003134,0.000537,0.000386,0.000001,0.001232,,,,,,,,,,,,,,,,,,,,,
85,200,train,0.003685,0.000330,0.000546,0.000248,0.004537,,,,,,,,,,,,,,,,,,,,,
85,250,train,0.003026,0.000651,0.000354,0.001775,0.004276,,,,,,,,,,,,,,,,,,,,,
85,300,train,0.003562,0.000701,0.000474,0.004069,0.007511,,,,,,,,,,,,,,,,,,,,,
85,350,train,0.003168,0.000772,0.000492,0.000472,0.008038,,,,,,,,,,,,,,,,,,,,,
85,400,train,0.003621,0.001855,0.000210,0.000184,0.002887,,,,,,,,,,,,,,,,,,,,,
85,450,train,0.003446,0.000456,0.000216,0.000326,0.004304,,,,,,,,,,,,,,,,,,,,,
85,500,train,0.003261,0.002254,0.000551,0.006406,0.017845,,,,,,,,,,,,,,,,,,,,,
85,550,train,0.003536,0.000523,0.000301,0.002957,0.001904,,,,,,,,,,,,,,,,,,,,,
85,600,train,0.003106,0.000694,0.000471,0.000509,0.009026,,,,,,,,,,,,,,,,,,,,,
85,end,val,,,,,,0.022820,0.077855,0.080524,0.067168,0.069203,0.487627,0.112010,0.115556,0.094756,0.097491,0.488022,0.700145,0.669774,0.757554,0.748680,0.098341,0.685166,0.640319,0.746611,0.739471,0.069183
86,50,train,0.003250,0.000516,0.000380,0.000002,0.000515,,,,,,,,,,,,,,,,,,,,,
86,100,train,0.003174,0.000620,0.000327,0.000620,0.002162,,,,,,,,,,,,,,,,,,,,,
86,150,train,0.002609,0.000856,0.000710,0.000932,0.004332,,,,,,,,,,,,,,,,,,,,,
86,200,train,0.003478,0.000496,0.000253,0.000703,0.009300,,,,,,,,,,,,,,,,,,,,,
86,250,train,0.002846,0.001421,0.000532,0.000888,0.007428,,,,,,,,,,,,,,,,,,,,,
86,300,train,0.002997,0.003148,0.000434,0.001117,0.002385,,,,,,,,,,,,,,,,,,,,,
86,350,train,0.003044,0.000832,0.000249,0.000145,0.002075,,,,,,,,,,,,,,,,,,,,,
86,400,train,0.003374,0.000548,0.000810,0.000081,0.000783,,,,,,,,,,,,,,,,,,,,,
86,450,train,0.003124,0.000664,0.000944,0.000563,0.004284,,,,,,,,,,,,,,,,,,,,,
86,500,train,0.003732,0.000500,0.000585,0.000693,0.007498,,,,,,,,,,,,,,,,,,,,,
86,550,train,0.003226,0.001675,0.000263,0.002481,0.007243,,,,,,,,,,,,,,,,,,,,,
86,600,train,0.002967,0.000707,0.000711,0.000305,0.001606,,,,,,,,,,,,,,,,,,,,,
86,end,val,,,,,,0.022810,0.078807,0.083396,0.067195,0.068971,0.485895,0.113966,0.120040,0.094746,0.096271,0.486292,0.694721,0.663958,0.754267,0.747299,0.084771,0.683551,0.638014,0.742320,0.739518,0.067914
87,50,train,0.003251,0.000878,0.000313,0.001728,0.001198,,,,,,,,,,,,,,,,,,,,,
87,100,train,0.003260,0.001118,0.000336,0.000001,0.000475,,,,,,,,,,,,,,,,,,,,,
87,150,train,0.003306,0.000600,0.000351,0.001121,0.005985,,,,,,,,,,,,,,,,,,,,,
87,200,train,0.003018,0.000515,0.000289,0.000008,0.001828,,,,,,,,,,,,,,,,,,,,,
87,250,train,0.003612,0.001342,0.000300,0.000619,0.010654,,,,,,,,,,,,,,,,,,,,,
87,300,train,0.003583,0.000845,0.000999,0.000211,0.003600,,,,,,,,,,,,,,,,,,,,,
87,350,train,0.003130,0.001449,0.000212,0.000553,0.001582,,,,,,,,,,,,,,,,,,,,,
87,400,train,0.002929,0.000769,0.000207,0.009089,0.009952,,,,,,,,,,,,,,,,,,,,,
87,450,train,0.003647,0.000615,0.000264,0.000007,0.002092,,,,,,,,,,,,,,,,,,,,,
87,500,train,0.002829,0.001316,0.000666,0.000239,0.001166,,,,,,,,,,,,,,,,,,,,,
87,550,train,0.002903,0.000468,0.000446,0.000508,0.005426,,,,,,,,,,,,,,,,,,,,,
87,600,train,0.002994,0.000650,0.000502,0.001008,0.004678,,,,,,,,,,,,,,,,,,,,,
87,end,val,,,,,,0.022961,0.079268,0.082622,0.067483,0.069145,0.485972,0.114420,0.118707,0.094494,0.096838,0.486362,0.703405,0.668838,0.758249,0.754952,0.100427,0.694716,0.645629,0.739407,0.739922,0.068240
88,50,train,0.002968,0.000752,0.000189,0.001644,0.010640,,,,,,,,,,,,,,,,,,,,,
88,100,train,0.003511,0.001216,0.000264,0.000199,0.003186,,,,,,,,,,,,,,,,,,,,,
88,150,train,0.002794,0.000645,0.000390,0.000396,0.005053,,,,,,,,,,,,,,,,,,,,,
88,200,train,0.003039,0.000907,0.000107,0.000296,0.005783,,,,,,,,,,,,,,,,,,,,,
88,250,train,0.003120,0.000963,0.000310,0.000616,0.005240,,,,,,,,,,,,,,,,,,,,,
88,300,train,0.002938,0.000564,0.000366,0.000660,0.001973,,,,,,,,,,,,,,,,,,,,,
88,350,train,0.002855,0.001042,0.000483,0.000003,0.000401,,,,,,,,,,,,,,,,,,,,,
88,400,train,0.002542,0.001823,0.000472,0.000918,0.009954,,,,,,,,,,,,,,,,,,,,,
88,450,train,0.004378,0.001047,0.000146,0.000377,0.007217,,,,,,,,,,,,,,,,,,,,,
88,500,train,0.003081,0.001156,0.000394,0.000309,0.003259,,,,,,,,,,,,,,,,,,,,,
88,550,train,0.002675,0.001922,0.000499,0.001043,0.002101,,,,,,,,,,,,,,,,,,,,,
88,600,train,0.003591,0.000461,0.000910,0.000701,0.005224,,,,,,,,,,,,,,,,,,,,,
88,end,val,,,,,,0.023018,0.079963,0.084201,0.067225,0.068330,0.484717,0.115687,0.120379,0.094832,0.096575,0.485106,0.703144,0.669966,0.753896,0.752421,0.083850,0.694577,0.644965,0.741629,0.744983,0.057953
89,50,train,0.002452,0.000927,0.000769,0.000249,0.003087,,,,,,,,,,,,,,,,,,,,,
89,100,train,0.002986,0.000584,0.000146,0.000394,0.004756,,,,,,,,,,,,,,,,,,,,,
89,150,train,0.003041,0.002074,0.000568,0.004609,0.017883,,,,,,,,,,,,,,,,,,,,,
89,200,train,0.003467,0.001776,0.000211,0.004043,0.011713,,,,,,,,,,,,,,,,,,,,,
89,250,train,0.002781,0.001084,0.000456,0.000193,0.004950,,,,,,,,,,,,,,,,,,,,,
89,300,train,0.002812,0.000614,0.000409,0.000617,0.002111,,,,,,,,,,,,,,,,,,,,,
89,350,train,0.003253,0.000907,0.000080,0.000015,0.001161,,,,,,,,,,,,,,,,,,,,,
89,400,train,0.003216,0.000566,0.000278,0.001132,0.007402,,,,,,,,,,,,,,,,,,,,,
89,450,train,0.002809,0.001194,0.000428,0.005113,0.002858,,,,,,,,,,,,,,,,,,,,,
89,500,train,0.003390,0.001144,0.000402,0.000668,0.003556,,,,,,,,,,,,,,,,,,,,,
89,550,train,0.003219,0.000342,0.000184,0.000017,0.001506,,,,,,,,,,,,,,,,,,,,,
89,600,train,0.003269,0.001289,0.000506,0.001202,0.004054,,,,,,,,,,,,,,,,,,,,,
89,end,val,,,,,,0.023006,0.078285,0.081319,0.067166,0.068799,0.487870,0.112653,0.116639,0.093623,0.096155,0.488259,0.701875,0.672795,0.755230,0.748263,0.085765,0.686608,0.643738,0.742511,0.738139,0.064546
90,50,train,0.002651,0.000572,0.000162,0.000015,0.002013,,,,,,,,,,,,,,,,,,,,,
90,100,train,0.003173,0.000329,0.000568,0.000215,0.002856,,,,,,,,,,,,,,,,,,,,,
90,150,train,0.002981,0.000752,0.000397,0.000731,0.002649,,,,,,,,,,,,,,,,,,,,,
90,200,train,0.003119,0.000863,0.000348,0.000575,0.006807,,,,,,,,,,,,,,,,,,,,,
90,250,train,0.003120,0.001085,0.000279,0.000139,0.001284,,,,,,,,,,,,,,,,,,,,,
90,300,train,0.002834,0.000940,0.000608,0.000434,0.003034,,,,,,,,,,,,,,,,,,,,,
90,350,train,0.002474,0.000991,0.000201,0.000322,0.001543,,,,,,,,,,,,,,,,,,,,,
90,400,train,0.002793,0.000704,0.000329,0.000013,0.003158,,,,,,,,,,,,,,,,,,,,,
90,450,train,0.003086,0.000556,0.000206,0.000412,0.002421,,,,,,,,,,,,,,,,,,,,,
90,500,train,0.002951,0.000307,0.000584,0.000309,0.005825,,,,,,,,,,,,,,,,,,,,,
90,550,train,0.002983,0.000719,0.000208,0.000237,0.002693,,,,,,,,,,,,,,,,,,,,,
90,600,train,0.002938,0.000743,0.000132,0.000918,0.002840,,,,,,,,,,,,,,,,,,,,,
90,end,val,,,,,,0.022547,0.078370,0.081935,0.067539,0.069533,0.487475,0.113913,0.118144,0.095007,0.097577,0.487869,0.697960,0.668689,0.755914,0.748542,0.050454,0.683833,0.635812,0.740324,0.736986,0.037817
91,50,train,0.002825,0.001107,0.000741,0.001685,0.009513,,,,,,,,,,,,,,,,,,,,,
91,100,train,0.003111,0.001287,0.000535,0.000630,0.007219,,,,,,,,,,,,,,,,,,,,,
91,150,train,0.002955,0.002453,0.000691,0.000998,0.007818,,,,,,,,,,,,,,,,,,,,,
91,200,train,0.002746,0.000587,0.000408,0.001107,0.003728,,,,,,,,,,,,,,,,,,,,,
91,250,train,0.002545,0.001547,0.000341,0.001271,0.004076,,,,,,,,,,,,,,,,,,,,,
91,300,train,0.002899,0.001339,0.000517,0.000780,0.005799,,,,,,,,,,,,,,,,,,,,,
91,350,train,0.003731,0.000555,0.000364,0.000264,0.003581,,,,,,,,,,,,,,,,,,,,,
91,400,train,0.002747,0.000531,0.000506,0.000275,0.002398,,,,,,,,,,,,,,,,,,,,,
91,450,train,0.003234,0.000732,0.000188,0.000596,0.001663,,,,,,,,,,,,,,,,,,,,,
91,500,train,0.003517,0.001490,0.000285,0.002004,0.010061,,,,,,,,,,,,,,,,,,,,,
91,550,train,0.003104,0.000492,0.000257,0.000488,0.002173,,,,,,,,,,,,,,,,,,,,,
91,600,train,0.002883,0.000975,0.000110,0.000850,0.005290,,,,,,,,,,,,,,,,,,,,,
91,end,val,,,,,,0.022909,0.079052,0.081082,0.067247,0.069387,0.487170,0.113903,0.116309,0.094114,0.097690,0.487563,0.698632,0.671441,0.754628,0.746261,0.032471,0.686609,0.646542,0.740124,0.735345,0.028457
92,50,train,0.003481,0.001205,0.000304,0.000032,0.000701,,,,,,,,,,,,,,,,,,,,,
92,100,train,0.003021,0.000767,0.000542,0.000007,0.003054,,,,,,,,,,,,,,,,,,,,,
92,150,train,0.002244,0.000452,0.000269,0.000200,0.003172,,,,,,,,,,,,,,,,,,,,,
92,200,train,0.002859,0.000722,0.000296,0.000873,0.002816,,,,,,,,,,,,,,,,,,,,,
92,250,train,0.002842,0.000552,0.000541,0.000463,0.005274,,,,,,,,,,,,,,,,,,,,,
92,300,train,0.002553,0.000873,0.000514,0.001373,0.001770,,,,,,,,,,,,,,,,,,,,,
92,350,train,0.002877,0.000482,0.000445,0.000006,0.003166,,,,,,,,,,,,,,,,,,,,,
92,400,train,0.003541,0.000650,0.000332,0.000107,0.006369,,,,,,,,,,,,,,,,,,,,,
92,450,train,0.002977,0.000735,0.000293,0.000738,0.005478,,,,,,,,,,,,,,,,,,,,,
92,500,train,0.003014,0.000598,0.000138,0.000230,0.003430,,,,,,,,,,,,,,,,,,,,,
92,550,train,0.002479,0.000462,0.000171,0.000885,0.002666,,,,,,,,,,,,,,,,,,,,,
92,600,train,0.002567,0.000289,0.000660,0.000254,0.002167,,,,,,,,,,,,,,,,,,,,,
92,end,val,,,,,,0.022671,0.078782,0.081633,0.067178,0.069990,0.489674,0.112872,0.116879,0.094645,0.099437,0.490065,0.703446,0.673975,0.756744,0.756758,0.042091,0.692950,0.647294,0.747083,0.750733,0.028718
93,50,train,0.004519,0.001274,0.000376,0.000600,0.013671,,,,,,,,,,,,,,,,,,,,,
93,100,train,0.003380,0.000763,0.000265,0.000879,0.003366,,,,,,,,,,,,,,,,,,,,,
93,150,train,0.002732,0.001052,0.000418,0.000118,0.000616,,,,,,,,,,,,,,,,,,,,,
93,200,train,0.002803,0.001220,0.000470,0.000636,0.005685,,,,,,,,,,,,,,,,,,,,,
93,250,train,0.002695,0.000675,0.000328,0.000649,0.002575,,,,,,,,,,,,,,,,,,,,,
93,300,train,0.002584,0.001170,0.000861,0.000722,0.006016,,,,,,,,,,,,,,,,,,,,,
93,350,train,0.002849,0.001339,0.000499,0.000218,0.002372,,,,,,,,,,,,,,,,,,,,,
93,400,train,0.003076,0.000792,0.000570,0.001092,0.005288,,,,,,,,,,,,,,,,,,,,,
93,450,train,0.002862,0.001012,0.000497,0.000583,0.009103,,,,,,,,,,,,,,,,,,,,,
93,500,train,0.003351,0.000894,0.000572,0.000337,0.000880,,,,,,,,,,,,,,,,,,,,,
93,550,train,0.003140,0.000652,0.000790,0.001954,0.007939,,,,,,,,,,,,,,,,,,,,,
93,600,train,0.002409,0.000483,0.000182,0.001205,0.004021,,,,,,,,,,,,,,,,,,,,,
93,end,val,,,,,,0.022613,0.077884,0.081155,0.066963,0.067722,0.487920,0.112695,0.116552,0.093382,0.094644,0.488313,0.704970,0.673018,0.757855,0.757112,0.065152,0.699230,0.650525,0.737463,0.745552,0.053070
94,50,train,0.002817,0.000618,0.000216,0.000353,0.003604,,,,,,,,,,,,,,,,,,,,,
94,100,train,0.002655,0.000853,0.000168,0.001235,0.002742,,,,,,,,,,,,,,,,,,,,,
94,150,train,0.002180,0.000594,0.000271,0.001321,0.001788,,,,,,,,,,,,,,,,,,,,,
94,200,train,0.002758,0.000994,0.000206,0.000001,0.001898,,,,,,,,,,,,,,,,,,,,,
94,250,train,0.002919,0.000202,0.000464,0.000270,0.001219,,,,,,,,,,,,,,,,,,,,,
94,300,train,0.003043,0.000364,0.000321,0.000002,0.000787,,,,,,,,,,,,,,,,,,,,,
94,350,train,0.002580,0.000778,0.000336,0.000676,0.003064,,,,,,,,,,,,,,,,,,,,,
94,400,train,0.002474,0.001060,0.000429,0.001270,0.002287,,,,,,,,,,,,,,,,,,,,,
94,450,train,0.002845,0.000714,0.000412,0.000127,0.002678,,,,,,,,,,,,,,,,,,,,,
94,500,train,0.002423,0.000551,0.000262,0.001233,0.004465,,,,,,,,,,,,,,,,,,,,,
94,550,train,0.002967,0.000526,0.000542,0.000423,0.001794,,,,,,,,,,,,,,,,,,,,,
94,600,train,0.002970,0.000760,0.001424,0.003415,0.006955,,,,,,,,,,,,,,,,,,,,,
94,end,val,,,,,,0.023164,0.081279,0.085318,0.068585,0.070187,0.486781,0.118157,0.122232,0.097272,0.100019,0.487172,0.691769,0.666914,0.743534,0.738316,0.022273,0.676595,0.632647,0.732506,0.728227,0.044332
95,50,train,0.002834,0.001288,0.000320,0.000253,0.001501,,,,,,,,,,,,,,,,,,,,,
95,100,train,0.002594,0.001276,0.000139,0.000272,0.003053,,,,,,,,,,,,,,,,,,,,,
95,150,train,0.002894,0.000565,0.000436,0.000007,0.000663,,,,,,,,,,,,,,,,,,,,,
95,200,train,0.002679,0.000570,0.000109,0.000114,0.003173,,,,,,,,,,,,,,,,,,,,,
95,250,train,0.002720,0.000418,0.000109,0.000008,0.000671,,,,,,,,,,,,,,,,,,,,,
95,300,train,0.002921,0.001098,0.000424,0.000710,0.005591,,,,,,,,,,,,,,,,,,,,,
95,350,train,0.003058,0.000909,0.000417,0.001192,0.001112,,,,,,,,,,,,,,,,,,,,,
95,400,train,0.002786,0.000598,0.001094,0.000685,0.005938,,,,,,,,,,,,,,,,,,,,,
95,450,train,0.003188,0.001130,0.000183,0.000084,0.004513,,,,,,,,,,,,,,,,,,,,,
95,500,train,0.002684,0.000424,0.000318,0.000160,0.002789,,,,,,,,,,,,,,,,,,,,,
95,550,train,0.002542,0.001333,0.000292,0.002463,0.010378,,,,,,,,,,,,,,,,,,,,,
95,600,train,0.002994,0.001626,0.000293,0.000512,0.000579,,,,,,,,,,,,,,,,,,,,,
95,end,val,,,,,,0.023163,0.079703,0.082124,0.068453,0.069867,0.485860,0.114917,0.117718,0.095557,0.097603,0.486259,0.696519,0.668825,0.746636,0.742849,0.054768,0.681429,0.639946,0.727833,0.729089,0.056232
96,50,train,0.003344,0.001408,0.000913,0.001085,0.007938,,,,,,,,,,,,,,,,,,,,,
96,100,train,0.002364,0.000433,0.000490,0.000192,0.001214,,,,,,,,,,,,,,,,,,,,,
96,150,train,0.002722,0.000870,0.000196,0.000202,0.002118,,,,,,,,,,,,,,,,,,,,,
96,200,train,0.002670,0.000996,0.000218,0.000020,0.000622,,,,,,,,,,,,,,,,,,,,,
96,250,train,0.002483,0.000460,0.000092,0.000361,0.002394,,,,,,,,,,,,,,,,,,,,,
96,300,train,0.002842,0.001351,0.000577,0.000264,0.004851,,,,,,,,,,,,,,,,,,,,,
96,350,train,0.003607,0.000598,0.000366,0.001647,0.007197,,,,,,,,,,,,,,,,,,,,,
96,400,train,0.002812,0.000417,0.000103,0.000719,0.004723,,,,,,,,,,,,,,,,,,,,,
96,450,train,0.002591,0.000388,0.000127,0.000466,0.002786,,,,,,,,,,,,,,,,,,,,,
96,500,train,0.002522,0.000801,0.000597,0.000001,0.004060,,,,,,,,,,,,,,,,,,,,,
96,550,train,0.003150,0.000433,0.001345,0.000070,0.002230,,,,,,,,,,,,,,,,,,,,,
96,600,train,0.002669,0.000609,0.000190,0.000672,0.002789,,,,,,,,,,,,,,,,,,,,,
96,end,val,,,,,,0.022592,0.077663,0.080225,0.066230,0.067807,0.488914,0.111720,0.114877,0.093267,0.096044,0.489302,0.705033,0.679209,0.764863,0.759578,0.069910,0.697599,0.656421,0.751977,0.751409,0.049786
97,50,train,0.002681,0.000877,0.000350,0.001778,0.002410,,,,,,,,,,,,,,,,,,,,,
97,100,train,0.002602,0.000467,0.000656,0.000198,0.004030,,,,,,,,,,,,,,,,,,,,,
97,150,train,0.003369,0.002433,0.000270,0.008351,0.015695,,,,,,,,,,,,,,,,,,,,,
97,200,train,0.002637,0.000619,0.000332,0.000200,0.002192,,,,,,,,,,,,,,,,,,,,,
97,250,train,0.002647,0.000955,0.000513,0.000001,0.001143,,,,,,,,,,,,,,,,,,,,,
97,300,train,0.002740,0.001315,0.000319,0.000329,0.003018,,,,,,,,,,,,,,,,,,,,,
97,350,train,0.003429,0.000727,0.000224,0.001249,0.001926,,,,,,,,,,,,,,,,,,,,,
97,400,train,0.003016,0.001284,0.000411,0.003187,0.011785,,,,,,,,,,,,,,,,,,,,,
97,450,train,0.003303,0.001030,0.000464,0.015292,0.003620,,,,,,,,,,,,,,,,,,,,,
97,500,train,0.002810,0.000897,0.000074,0.003893,0.004764,,,,,,,,,,,,,,,,,,,,,
97,550,train,0.003006,0.000478,0.000534,0.000251,0.002662,,,,,,,,,,,,,,,,,,,,,
97,600,train,0.002793,0.000610,0.000204,0.000236,0.003964,,,,,,,,,,,,,,,,,,,,,
97,end,val,,,,,,0.022929,0.081381,0.086691,0.066248,0.067689,0.489503,0.118693,0.124598,0.093617,0.096344,0.489896,0.698269,0.665874,0.759523,0.753454,0.088090,0.694211,0.646510,0.748828,0.747052,0.074200
98,50,train,0.002557,0.000575,0.000284,0.001043,0.005698,,,,,,,,,,,,,,,,,,,,,
98,100,train,0.002602,0.000867,0.000479,0.000659,0.002018,,,,,,,,,,,,,,,,,,,,,
98,150,train,0.002314,0.000561,0.000351,0.002353,0.005387,,,,,,,,,,,,,,,,,,,,,
98,200,train,0.003521,0.000923,0.000348,0.002574,0.001781,,,,,,,,,,,,,,,,,,,,,
98,250,train,0.002808,0.001131,0.000459,0.000111,0.003418,,,,,,,,,,,,,,,,,,,,,
98,300,train,0.002867,0.000849,0.000318,0.001117,0.005138,,,,,,,,,,,,,,,,,,,,,
98,350,train,0.002541,0.000537,0.000232,0.001222,0.014876,,,,,,,,,,,,,,,,,,,,,
98,400,train,0.002588,0.000744,0.000172,0.000111,0.003744,,,,,,,,,,,,,,,,,,,,,
98,450,train,0.002810,0.000628,0.000459,0.000223,0.004106,,,,,,,,,,,,,,,,,,,,,
98,500,train,0.002804,0.001335,0.000316,0.001650,0.007149,,,,,,,,,,,,,,,,,,,,,
98,550,train,0.002363,0.001285,0.000582,0.000262,0.003643,,,,,,,,,,,,,,,,,,,,,
98,600,train,0.003237,0.000670,0.000236,0.000215,0.003948,,,,,,,,,,,,,,,,,,,,,
98,end,val,,,,,,0.022671,0.079083,0.082080,0.067346,0.068900,0.487658,0.114968,0.118774,0.094774,0.097474,0.488059,0.691970,0.659660,0.756486,0.749281,0.067396,0.679819,0.629010,0.742896,0.739471,0.061744
99,50,train,0.003008,0.000944,0.000417,0.001650,0.011888,,,,,,,,,,,,,,,,,,,,,
99,100,train,0.002415,0.000565,0.001007,0.001214,0.002520,,,,,,,,,,,,,,,,,,,,,
99,150,train,0.003005,0.000735,0.000420,0.000010,0.001317,,,,,,,,,,,,,,,,,,,,,
99,200,train,0.002621,0.000730,0.000483,0.000046,0.000956,,,,,,,,,,,,,,,,,,,,,
99,250,train,0.002583,0.000603,0.000196,0.000003,0.002100,,,,,,,,,,,,,,,,,,,,,
99,300,train,0.002855,0.000714,0.000571,0.002333,0.002807,,,,,,,,,,,,,,,,,,,,,
99,350,train,0.002331,0.000878,0.000289,0.000556,0.002843,,,,,,,,,,,,,,,,,,,,,
99,400,train,0.003007,0.001087,0.000793,0.000014,0.002156,,,,,,,,,,,,,,,,,,,,,
99,450,train,0.002096,0.000468,0.000219,0.000123,0.000886,,,,,,,,,,,,,,,,,,,,,
99,500,train,0.002562,0.000800,0.000154,0.000043,0.004435,,,,,,,,,,,,,,,,,,,,,
99,550,train,0.003028,0.000563,0.000188,0.001008,0.006485,,,,,,,,,,,,,,,,,,,,,
99,600,train,0.003088,0.000959,0.000184,0.000815,0.003277,,,,,,,,,,,,,,,,,,,,,
99,end,val,,,,,,0.022932,0.080970,0.084190,0.067757,0.069179,0.489015,0.117585,0.121454,0.095188,0.097822,0.489411,0.698988,0.665746,0.751947,0.748352,0.072672,0.688488,0.645058,0.740125,0.739546,0.056028
100,50,train,0.002565,0.000711,0.000265,0.000130,0.001518,,,,,,,,,,,,,,,,,,,,,
100,100,train,0.002901,0.000576,0.000207,0.000257,0.001981,,,,,,,,,,,,,,,,,,,,,
100,150,train,0.002660,0.000330,0.000215,0.000100,0.001643,,,,,,,,,,,,,,,,,,,,,
100,200,train,0.002722,0.000618,0.000484,0.000037,0.003635,,,,,,,,,,,,,,,,,,,,,
100,250,train,0.003053,0.001066,0.000281,0.000291,0.004190,,,,,,,,,,,,,,,,,,,,,
100,300,train,0.003009,0.000791,0.000401,0.000004,0.002196,,,,,,,,,,,,,,,,,,,,,
100,350,train,0.002751,0.000565,0.000314,0.000916,0.003195,,,,,,,,,,,,,,,,,,,,,
100,400,train,0.003307,0.000971,0.000466,0.000788,0.001993,,,,,,,,,,,,,,,,,,,,,
100,450,train,0.002618,0.001858,0.000514,0.000615,0.011992,,,,,,,,,,,,,,,,,,,,,
100,500,train,0.003162,0.000535,0.000349,0.000538,0.002475,,,,,,,,,,,,,,,,,,,,,
100,550,train,0.002751,0.001432,0.000894,0.000860,0.007706,,,,,,,,,,,,,,,,,,,,,
100,600,train,0.002853,0.001277,0.000546,0.000572,0.003494,,,,,,,,,,,,,,,,,,,,,
100,end,val,,,,,,0.022730,0.077719,0.080543,0.066710,0.067647,0.489670,0.111443,0.115582,0.093004,0.094689,0.490064,0.703648,0.673890,0.759408,0.754216,0.086539,0.688896,0.645611,0.743372,0.743742,0.074750
